timestamp;FP1-F7;F7-T7;T7-P7;P7-O1;FP1-F3
2 days 01:52:30;-38.833127907935;101.90501396324818;-54.99821872399698;-27.679022307613987;48.66650288320305
2 days 01:52:31;-0.3818684691096752;-18.721835263069593;-23.96142520779049;2.0675135410863463;-35.35574033562784
2 days 01:52:32;-21.755126855440047;0.37009644509589107;-2.491707018767077;-37.855894964033986;-76.62716043361034
2 days 01:52:33;-62.35339040421527;44.52673745289227;-15.383088641288715;-26.515453797442618;-60.440519969757055
2 days 01:52:34;2.960330510812237;50.33738043390985;-19.68478987794996;-51.9380368070544;3.024391980066613
2 days 01:52:35;67.25418313783324;-7.244375228268006;83.11927700571115;-98.7490123994586;99.0065404792989
2 days 01:52:36;-53.25019987999772;80.26498652788854;-3.6337572533270794;-33.87425640327218;5.2217583446449725
2 days 01:52:37;12.39007901068817;4.435210095792841;5.687683812051238;12.753257595232482;22.32489811926909
2 days 01:52:38;46.33976875535892;-73.86399880508522;72.35367037527028;-10.142861375677235;32.88237781515796
2 days 01:52:39;34.578831559129654;-40.094549893049006;65.09491192034629;-32.28293526492499;23.762743431876288
2 days 01:52:40;65.6400371744928;-63.533820553245256;54.126023262955066;37.372413768652635;80.43538174437406
2 days 01:52:41;82.488962892156;38.00356309074196;-36.82888277579681;12.017968627711825;102.48700061740176
2 days 01:52:42;29.273957615522495;73.14832562209257;2.3898808284774287;-40.44727618666604;90.51740815861804
2 days 01:52:43;51.41967380486209;4.0191407115373545;-32.11518833329941;58.639332321458255;43.47482306372483
2 days 01:52:44;13.12244657511369;3.8957233991503224;-24.19575166412727;-1.898042622691697;-5.772458022148576
2 days 01:52:45;-25.252658266527867;8.856761593752719;-32.65030771940624;35.06079054609347;-18.96691081155911
2 days 01:52:46;48.77871784749438;-84.58018054262044;119.17636820906644;-7.9068763861903095;47.7658063171308
2 days 01:52:47;96.0730235181821;-128.46167777645513;96.58836608134679;32.139884938368816;123.2089253222692
2 days 01:52:48;-44.10005155363918;107.67159408502158;-67.28771760595602;-36.452433537883024;23.76756987334659
2 days 01:52:49;-26.407427620089003;57.19584632539049;-20.72883558175055;38.13276507400349;37.11734666056274
2 days 01:52:50;32.589098908222375;-11.663545662641091;-7.957622559249568;37.37074864983134;27.24498434610513
2 days 01:52:51;54.710569597261895;-95.92617960485333;71.89228928485764;20.158505717620695;44.61515234945416
2 days 01:52:52;36.19465985611449;-19.97138109143381;-11.450534460814149;48.504813156315386;0.4603932592190871
2 days 01:52:53;11.522887193793109;-7.079645446819334;-5.402197460040049;1.478709493048522;-25.345297499607298
2 days 01:52:54;4.030150353332655;-69.47299788844306;80.00821183181506;-1.5771471568736277;62.132050173433896
2 days 01:52:55;-41.49009349883524;32.244453402229695;23.68624558626199;3.2087385686664165;10.993686045610955
2 days 01:52:56;35.48648697243299;-76.74912551370682;34.64429214402917;42.49266621649666;43.451005998643105
2 days 01:52:57;31.25925364994737;-8.018484038727001;-4.587215530526892;-5.096298020280479;2.2910186332882403
2 days 01:52:58;4.239895944526707;-36.436588568733285;10.414451011112238;0.37934082433575045;-34.11630615273482
2 days 01:52:59;-12.915276729508555;40.996825073047056;-60.938673828804106;11.042139027297763;-66.21962620433668
2 days 01:53:00;128.19882614390033;-78.59350647009651;75.11870764820077;-14.901718990422168;108.53678927138843
2 days 01:53:01;38.57407712242456;-5.123511300663165;-0.9451847175189974;14.200514357995894;20.704436641058034
2 days 01:53:02;78.41515935478053;-33.21003395982597;-13.011770657116363;24.064007407193692;24.596941297900763
2 days 01:53:03;112.45689259188514;-88.20096570960425;19.53676082475897;5.389494519321553;35.55079933792823
2 days 01:53:04;99.6916481692614;-59.32262932102153;25.690534902991033;-28.805111145946693;8.102825051914701
2 days 01:53:05;68.04868728869248;-141.35257505529847;58.454039698333816;39.4921611598821;-9.91558921160378
2 days 01:53:06;-7.26807602482317;-3.2387594763055163;-17.332099934992883;-22.66274390756648;-99.76937210866777
2 days 01:53:07;-42.71939833891007;-42.00747318231619;77.1691296941673;-44.610294466639196;-24.606404667475516
2 days 01:53:08;-4.712353221293098;-78.52664704805522;11.884646124388984;57.73905408833817;-81.61698972026515
2 days 01:53:09;-36.70057087236159;-63.8046419910844;17.382846948443156;10.70575313985255;-122.66670784388866
2 days 01:53:10;20.874936490314774;-87.40749979472821;-10.34990442763485;36.99257014327342;-70.74632366318185
2 days 01:53:11;121.41076924133631;-148.9444959508888;91.46281494942947;-22.142018862482058;25.870303998323795
2 days 01:53:12;99.54375829392542;-156.00724775484576;92.40347705922763;19.2258504943605;55.7639288398151
2 days 01:53:13;-27.94946631639934;51.60038091600875;-42.17976937679693;-11.508185885783924;-38.33958882335591
2 days 01:53:14;-50.75354834008849;-50.594980801468125;29.12079890651362;22.851465654492223;-62.950434777152196
2 days 01:53:15;-20.550628224873176;-30.001036734251098;-42.98205360985657;43.297733168719716;-111.71456147048904
2 days 01:53:16;-7.705566621314177;-58.38685062886068;34.504782908303;29.022741467954923;-23.410542618906156
2 days 01:53:17;-64.05643732574234;20.127505687718983;-55.7442637870626;37.127828434288695;-97.61555094822964
2 days 01:53:18;-62.40263914451386;25.20628436301374;-39.33854224890107;0.9936946331852783;-85.87439594563979
2 days 01:53:19;-40.08961158960669;-32.08766646376516;48.63894461042961;6.062405923734603;7.771617657871925
2 days 01:53:20;-100.32829645920789;73.4343554679926;-1.8093064749558594;-2.179378762406266;-69.8181701898039
2 days 01:53:21;-14.714597257313514;-40.257220987245105;13.898799379541552;69.35854362300692;-31.361345993997816
2 days 01:53:22;-9.724008814130796;6.249834904612645;2.80425810377244;19.724838453734524;-34.835686991420594
2 days 01:53:23;-72.74880370034701;-0.6698808368917758;-2.821549314908525;68.27700449122091;-34.526114310666784
2 days 01:53:24;-126.71414541882018;71.312134391004;-114.6438727557738;124.2605250313458;-122.10832943730315
2 days 01:53:25;-41.28523447830459;10.083835105281041;30.55408634265526;-24.51465416107582;7.649108007203288
2 days 01:53:26;-127.67036707131626;130.99777427675818;-92.72527430459738;44.63812273692962;-52.4830653361452
2 days 01:53:27;-74.32940754970404;58.34366056681881;-45.57888597957053;53.6684694969502;-40.523675212504294
2 days 01:53:28;-42.356022406033894;-25.57791763188717;5.000652871650867;50.57195508066002;-27.08949782625854
2 days 01:53:29;-40.6083715184806;16.508366946039395;-21.589486762035346;36.083950189444664;-52.43628619414896
2 days 01:53:30;-0.8532388882383224;-113.96817708580295;57.77859082121532;65.82377779328192;-26.6535078342173
2 days 01:53:31;-98.4086297578811;64.87294979332093;-77.252172852655;19.629929493537073;-103.96550956014845
2 days 01:53:32;-113.80098099708478;103.35194441767494;-44.17587324856522;-29.542766404216746;-41.49617733298101
2 days 01:53:33;-126.93761452578465;49.85632682364398;-73.98348268588423;83.80479819129691;-115.67362750777357
2 days 01:53:34;-68.29332335044458;40.938619408541456;-56.51442082029519;23.040987275169634;-77.17526053203886
2 days 01:53:35;-58.565256002776486;25.33904957512524;-64.20366406812455;78.16977206583447;-61.0233832291925
2 days 01:53:36;77.61259034854467;-134.35899106601659;145.27622950106087;8.929359495968294;49.75352373333711
2 days 01:53:37;130.9545281481068;-196.95325536668506;149.68266908186555;49.83434138227677;148.2277360923584
2 days 01:53:38;-149.00816733448946;152.44405861831234;-127.22812728667998;28.743943895605778;-78.49371452609081
2 days 01:53:39;-101.03023801081413;37.840693089664086;-20.31267794595668;13.350143503876762;-37.75759898619217
2 days 01:53:40;-73.91379308631873;17.654196769979066;-66.5250564129906;59.4228937066413;-98.61299040473197
2 days 01:53:41;-21.286760461734083;-29.986758463537292;16.671304559087925;8.904300745722574;-15.695111421704933
2 days 01:53:42;-41.68737032701333;18.246968730870062;-46.21188820876698;14.162898452463255;-61.715734493527215
2 days 01:53:43;-73.10656819633721;28.898600114083685;3.168422786427403;-68.13076120877656;-76.22684910594978
2 days 01:53:44;-25.399572734522565;-16.242204061671064;-4.135555655713414;-18.2688376082954;-8.915941601965391
2 days 01:53:45;-105.94954676816035;103.92567716041174;-55.729997316137826;-37.23733330199855;-50.56833146188745
2 days 01:53:46;-47.72769527098198;7.346148340450429;-29.80419786066103;44.72949095950597;-9.688835967629691
2 days 01:53:47;-28.976683635469172;20.396415204787697;-27.043008985475755;7.605607372691116;-20.55819503452461
2 days 01:53:48;-25.505397930915414;5.967992404182359;2.2670331622501663;-5.961687592548441;-4.1526435392030825
2 days 01:53:49;-65.49414274595564;36.94830908291987;-60.626927823332636;42.84610648482401;-9.211218347103813
2 days 01:53:50;36.451056719073826;-17.208594719758942;68.74688878452766;-79.41976317012377;86.28321514554551
2 days 01:53:51;-43.236235564790114;61.48290176257388;-30.506262544616295;-19.629767780202855;4.973322488406629
2 days 01:53:52;-24.42243887915852;37.33881155984067;-39.95058632536991;37.62152275602421;19.61369514374513
2 days 01:53:53;17.501400241762727;-45.191217221292185;15.771977903724366;21.070294538928685;11.355358994685622
2 days 01:53:54;-1.0292004320369177;-16.782739654873232;-9.369797621802098;18.262532623566294;-7.874785003006701
2 days 01:53:55;100.66641454418921;-119.81873138694948;43.237876078443385;69.14148894679207;106.15288808600896
2 days 01:53:56;-1.2788215638584455;56.25018217271835;-68.97251834492776;-3.275073210968179;36.63951435891974
2 days 01:53:57;-18.275731893037246;75.27865777409264;-36.58147893531802;-40.823047515186815;32.86402009962691
2 days 01:53:58;-44.64073839047248;52.507914817056594;-74.03464363304094;60.82808795996932;-27.415761499673675
2 days 01:53:59;-14.651540203539387;65.67384506040275;-50.528979252824;-21.173999477380672;-12.298014967078824
2 days 01:54:00;59.72279968650844;-17.082767974533652;-7.8832587127871525;40.8055591453897;53.72696603443777
2 days 01:54:01;85.87914981766453;-63.02790267686188;127.3874961099511;-41.680438011497216;89.06995512221125
2 days 01:54:02;107.75754116619598;-107.92592477629225;119.91171900109246;-18.522413621317263;115.43884079651737
2 days 01:54:03;-73.85049773715076;130.91875961157032;-42.16196332305133;-50.269724804787714;-16.93205490514362
2 days 01:54:04;-41.907638383644304;73.464782326199;-0.4329476560419737;-10.064930495247618;26.457396857060715
2 days 01:54:05;20.415941903312724;27.091268998751456;-25.763204921708596;25.52663765996588;7.305747354365553
2 days 01:54:06;43.683767267720945;-6.271097513449869;29.976541618225856;-12.007732506492168;49.946711674205694
2 days 01:54:07;6.628678383649688;18.881402943779626;-35.401344341382185;25.84795886014204;-3.399969687077815
2 days 01:54:08;-23.051420160180825;44.41835736226973;-42.96772320634131;-20.62924132943653;-30.450980907986416
2 days 01:54:09;-29.16743791410336;86.20096486279792;-45.176587241280224;-45.107835074291785;17.328502184170354
2 days 01:54:10;-49.43113477721823;114.09426985405014;-37.98439995226679;-34.07804071914842;10.348538526237693
2 days 01:54:11;2.3510243260129253;5.13247238669046;-38.53825947848;72.54098411363967;-12.531030120029087
2 days 01:54:12;38.09904743181134;23.907307667283206;-36.42135105688171;31.87952017449767;12.492742142615025
2 days 01:54:13;50.9509038540408;-31.643017103081675;1.9339863433331246;39.9902499326108;50.1161365594037
2 days 01:54:14;42.160183649803535;32.892420389274285;-54.285563237890074;25.91679078167585;64.32388048989928
2 days 01:54:15;109.86720059846986;-41.63261778029486;67.90617285417869;-50.545037161651074;130.81946477352204
2 days 01:54:16;-40.16210782016257;47.09922222034216;22.98568300924297;-20.038012207575687;-28.893233659785523
2 days 01:54:17;14.799972832090502;-6.2647753027342965;20.735058488435662;28.090263873846446;-5.417964591940688
2 days 01:54:18;33.06362442186115;-38.918737293774164;15.052174051665702;48.823774540546886;-11.706034312486748
2 days 01:54:19;12.363292250626417;9.571011641910694;-0.6603129288333676;27.842370061954558;-23.967169117763284
2 days 01:54:20;30.26391494152903;-50.746114495745914;31.637958030419146;81.23247825745445;43.08382170882394
2 days 01:54:21;12.849462374632578;52.74096301503757;-60.603296039053255;30.660748441583326;-1.5073261668439168
2 days 01:54:22;-15.632361187327364;51.32145527112381;-1.349086983913339;-31.333335978379694;35.10690640479732
2 days 01:54:23;35.509417420929026;42.35444914913864;-74.45959043362163;65.8610581792298;1.3573895743432958
2 days 01:54:24;45.646385839805056;9.549225151057927;-53.400486257493135;28.777945020160125;-23.359707816653433
2 days 01:54:25;48.71774447008984;-24.678503685578793;-2.661568788033392;32.55334818557132;13.576486273998295
2 days 01:54:26;90.99596655923035;-87.90250794279942;105.13243513998897;-5.380067485782942;80.17016167724698
2 days 01:54:27;136.0700936820468;-145.6627418383121;92.5898319217651;-1.1012490473868033;121.63288282995785
2 days 01:54:28;10.155615022084223;94.411549373079;-63.6564211525731;-58.95212078822382;30.129730033669478
2 days 01:54:29;9.86796363010134;34.47113642162284;-1.3452292264420558;-15.378677921674377;33.65897534541548
2 days 01:54:30;30.638702279926907;21.97742340747752;-46.57616747445354;13.02364964519548;-18.235958295927233
2 days 01:54:31;95.48857732799176;-56.984648253659294;7.466174252554105;9.44842167325266;86.49363735810039
2 days 01:54:32;56.596744061852;13.665947492312176;-78.44207339319536;44.768097269099336;18.505039294389007
2 days 01:54:33;89.58990278507537;26.533204749125822;-42.983019969471414;-33.64149352304314;68.85279224252902
2 days 01:54:34;109.53034065059556;47.37060206933569;-13.344083684177022;-51.12412876186183;138.18907033557244
2 days 01:54:35;61.92664609832075;120.33482558747095;-52.12909514825663;-35.67961229904378;94.67833651957949
2 days 01:54:36;22.80714313604562;22.378611145992405;4.788985538034321;-26.4937344307546;65.42518487135631
2 days 01:54:37;7.090198889397951;26.666637513508388;-27.577075345237844;-28.45630184256624;12.406856815530277
2 days 01:54:38;66.13766576439217;-40.08330252644542;10.14855155372342;-14.538148642914251;60.05553202286691
2 days 01:54:39;34.30702552542877;80.97259612612176;-61.56554275950012;-53.56364860479391;35.153626638450945
2 days 01:54:40;147.0698595339133;11.939767780174416;46.035688869883046;-99.22352500201002;192.23060138697107
2 days 01:54:41;23.95678873893928;105.96022201259409;-22.564484677112254;-59.92090715157109;114.5682415531174
2 days 01:54:42;33.25901170153522;57.153606192122055;-14.068059708545222;-17.052083488754004;89.28873341380117
2 days 01:54:43;23.641844649049062;15.349396109331348;12.672519494178063;-26.28132906287885;70.17977457030078
2 days 01:54:44;22.29125082472994;-11.78047046927389;37.08756005239459;-46.288917081920026;23.263954771673685
2 days 01:54:45;29.876604689299224;-47.67312874698572;61.48262702675847;-8.119703711255424;69.09430608422606
2 days 01:54:46;-4.7370325451126;91.51494541294471;-54.73470287847867;-26.034414092535336;41.80704102579196
2 days 01:54:47;-57.50054165940115;96.49897975840972;-40.95511315556791;-40.248314712820104;21.03520842948195
2 days 01:54:48;-78.90568885161044;110.97663720579801;-106.3006833678392;19.676725895128435;-64.0970071237501
2 days 01:54:49;-63.92136569594724;54.33308682940166;-40.165627999796435;-7.444241943794787;-46.758089262641036
2 days 01:54:50;-84.15745228034213;21.79715016898286;-10.893136621691939;-0.5634754128516122;-39.76303549405421
2 days 01:54:51;-1.444265414426221;-65.78502082328836;83.86678712550348;-33.336461596861064;0.20941922824160852
2 days 01:54:52;79.47205028000153;-118.43603484165111;118.76398794015363;2.5465276582782237;100.36300869050449
2 days 01:54:53;-59.589015735278736;139.3840627314394;-66.77100961329506;-42.505378069753256;11.826729889341946
2 days 01:54:54;-25.53639425039526;33.47278661571045;14.0413620155055;-30.526618379106512;-3.3982117733201984
2 days 01:54:55;16.702889999610154;13.943547530021863;-33.113640415134796;16.94642883554004;-44.508441787035196
2 days 01:54:56;33.35402247246899;-41.376922579924994;38.30098310952865;15.420228612249172;25.005401692690974
2 days 01:54:57;-26.456451598296077;22.51031667146997;-17.50439391171442;17.098184703060895;-59.22109710178744
2 days 01:54:58;11.980122479588609;19.977505598857395;-12.982588841205754;-31.68850408311823;-37.599342791629354
2 days 01:54:59;42.99439455814393;6.369992340345045;14.303628099663163;-38.40676317173558;41.98036272208605
2 days 01:55:00;-26.016112847842244;87.15622795010113;-23.351765993145335;-10.040472581909523;-21.603369305620152
2 days 01:55:01;-12.033209312903027;33.49464433970807;-8.4416806962892;9.813636590022979;-19.42693028898295
2 days 01:55:02;-9.708644748650935;82.91817396781337;-57.805176664485764;-8.010057289541162;-30.625491254645393
2 days 01:55:03;-25.325271405788055;41.90727488746;-10.58617795128905;8.734711537921664;11.235913373282203
2 days 01:55:04;-112.04059677567928;131.37873745468062;-66.45920255012095;-22.568002626533648;-95.32500028103854
2 days 01:55:05;43.259118777500966;-13.678645201820189;46.400740007579365;-35.27360272674524;77.88841840460569
2 days 01:55:06;-88.38672666071152;69.19381433670394;-37.855224297519804;11.108890041549857;-42.956131348705554
2 days 01:55:07;-68.77644659397677;2.618123460050581;-10.210913538395982;36.38078146061086;-61.41450768256119
2 days 01:55:08;-53.472642806711214;-54.63779046426964;48.844992807970314;17.928614221535135;-20.083293233062857
2 days 01:55:09;-80.07149233821372;5.412295468283299;27.490811055059346;-19.191098834778433;-51.98573821309703
2 days 01:55:10;-55.53963089632239;-31.920019648938624;18.58094582573917;33.456300064941374;-26.379766266146788
2 days 01:55:11;-85.32979699114111;63.30479937026568;-43.49513918145326;-30.357012111895155;-70.86429727927761
2 days 01:55:12;-92.73284915514522;96.26615135639783;-49.23485071511774;-62.94055156022015;-40.52478512479156
2 days 01:55:13;-39.956925590753315;33.95741901403626;-55.23434067770998;13.070397241100457;-43.03449220254284
2 days 01:55:14;10.367459333976425;-32.65131087491706;-0.3055065377718241;2.2218914411817337;-5.778093289945242
2 days 01:55:15;-28.431951770947;11.19152858618501;-22.08472876207014;8.156033099070564;-18.09821879008043
2 days 01:55:16;73.97695991787815;-97.39686013438109;129.35407040362972;-40.853105983426;108.39750259633873
2 days 01:55:17;106.57688833321862;-158.42896682378247;144.06374095049065;9.481251084641645;141.00326345842686
2 days 01:55:18;-24.803085210312606;84.88076475641239;-50.062070010605744;-42.81087637639195;53.00254613057123
2 days 01:55:19;-1.3279532750339746;-4.249153225753255;43.05360973160789;-7.855824466973614;59.38910848545684
2 days 01:55:20;-9.19584827269074;26.740033539660036;-17.36230519290932;10.157985663547601;26.603495735312567
2 days 01:55:21;23.599465221551892;-34.15085841692894;38.28416958294195;0.8468199673715426;56.33947755340013
2 days 01:55:22;-38.65771467841526;34.950066503943795;-31.502005852131038;-0.15016922243260566;10.43910497523528
2 days 01:55:23;-22.044283053291174;37.04072493609472;-13.422257079598355;-50.075597708091685;12.594880328773185
2 days 01:55:24;40.960566637849865;-36.90883545103756;40.55880277082101;-46.29313244622055;76.46444627159485
2 days 01:55:25;-13.8140925945221;109.90636154286831;-48.86636505918265;-36.763136043154034;63.07905614260978
2 days 01:55:26;-40.52845875336116;63.453800857713944;-47.23604409611374;4.318698379857065;-21.463029688027316
2 days 01:55:27;-45.357526911436395;18.202228588543854;-11.116125836725631;-11.11586982528938;-41.0519300874599
2 days 01:55:28;-19.00516069789377;-38.48124843172401;27.81786371084848;-3.0143179777912317;1.14793719462606
2 days 01:55:29;-89.51866383867134;60.731292005558736;-33.79113617330443;-15.786633776393618;-1.1004690220841293
2 days 01:55:30;100.60550044170304;-63.85470785677286;56.92982789727079;-21.82155015559769;148.30589520616152
2 days 01:55:31;34.135241657682506;5.375114922271038;-26.45343659633555;5.961433479807913;23.360940361758647
2 days 01:55:32;12.09733141436303;0.41429797613290464;-0.8217968956235594;-6.3556042960563675;8.87983045332167
2 days 01:55:33;16.468142870496134;-21.284220687508846;9.472425810364856;-1.1709835396984427;27.714169401158106
2 days 01:55:34;32.532260935330626;-14.876241117369704;-32.93090814023521;2.472556865082227;17.847182611302436
2 days 01:55:35;36.207131420932306;-79.33106828959355;-11.360428107242946;77.49669478149326;12.418503203408678
2 days 01:55:36;16.53948948104202;33.86774222853696;-81.32668538839528;32.347981888512884;-26.955741910066802
2 days 01:55:37;-6.02531536292696;68.71510638308366;-88.82569367441643;4.172286695011129;5.445529104242215
2 days 01:55:38;59.03541043697041;26.47263713598337;-72.16568682391046;-8.226409481174635;9.82759957539766
2 days 01:55:39;55.8781562961355;-53.30985111904621;14.605673052370399;-12.648978651625793;5.147249071366933
2 days 01:55:40;-24.59711983962904;24.54283596264817;-97.26033928959245;52.80525748887262;-64.25467901303523
2 days 01:55:41;52.404176185089284;-93.54506141118907;32.95862520311957;7.652288464640445;2.041095184465158
2 days 01:55:42;116.34326082211838;-156.61112265898933;88.21819745243921;25.567195437482887;66.5836408584813
2 days 01:55:43;-43.77570827612157;76.68922495843258;-80.02091127280737;21.1507896803851;-65.77490503712333
2 days 01:55:44;-73.65258081792066;-8.924362238853302;28.606841309766626;-46.19736046604688;-56.08138410852649
2 days 01:55:45;-28.27457840150295;-4.383644550165072;-29.688991246243564;-21.695420263864314;-69.26933602559286
2 days 01:55:46;46.226199988903886;-72.67561984196199;35.2450047871522;13.669194282568162;42.57021026355015
2 days 01:55:47;-27.402093680004985;34.27976262291646;-44.37448315696355;-16.25890844212507;-52.979884475276926
2 days 01:55:48;-27.781545649966866;-6.418570711997224;-7.659218797871313;-38.78681707235675;-69.8931742434953
2 days 01:55:49;9.4236956868516;-58.04605225935941;28.753671615525427;10.501819828284184;-13.836029677792226
2 days 01:55:50;-21.298206736311624;61.37048851917916;-33.59458086570188;2.3538143561298646;-8.964616925270994
2 days 01:55:51;-30.754877853559623;-53.47581887713029;56.319054761436725;-40.0838266956237;-25.250903404054476
2 days 01:55:52;-7.69484869025349;-33.37025253942512;-4.78122397858893;-37.792431307013935;-65.5511537621968
2 days 01:55:53;-9.527509355636496;-52.68858057387443;36.40300946645067;-13.4397961444635;-31.911355984723667
2 days 01:55:54;-109.54203109530637;88.13571643246522;-66.99952707952593;-27.718657735067186;-137.33956326486623
2 days 01:55:55;78.92855729915784;-70.16461178205833;70.17580310442224;-28.598145129948918;55.72859854449508
2 days 01:55:56;-70.19998232549965;26.06461812475182;-23.768025244354092;-1.48492763412042;-88.2947389931228
2 days 01:55:57;-22.165862960338846;3.467747017271497;-14.363578040959835;0.665995236915698;-57.89163913887299
2 days 01:55:58;-22.51802358168152;-47.73551557569243;43.17691289404749;12.4137507367212;-52.53023520443275
2 days 01:55:59;-13.087859490020088;-3.0444865890132817;10.692396022197043;14.578623513048298;-48.23459704195541
2 days 01:56:00;23.537157237619525;-88.88079617336737;68.62937655134529;45.44538140012152;-11.754254319222097
2 days 01:56:01;-3.955898121290602;-5.590754397049869;-20.78360670711363;11.422011041946224;-72.17586158878774
2 days 01:56:02;-38.91783608264907;47.57434443152533;-27.029026416114654;-20.529648952813638;-13.495469903547706
2 days 01:56:03;10.972044257639494;15.067409210330375;-31.756608348564516;30.271877514949537;-38.28411851641116
2 days 01:56:04;65.56007600174483;-43.24359272163403;26.22479008511619;17.376523870714333;26.541444676027815
2 days 01:56:05;-38.39781671880158;19.57293270907802;-32.54239924887256;42.21992457793315;-54.35494965018354
2 days 01:56:06;68.02428365877762;-99.16547022255779;141.3518387688403;-16.473964251325828;61.46070924515054
2 days 01:56:07;128.13084158237416;-122.70461576447019;121.02763660218774;45.10438981743248;118.37766493876376
2 days 01:56:08;-38.80529783649134;115.6929703626929;-58.05392374279558;-12.243651059046444;-25.439413840289408
2 days 01:56:09;9.440082318425882;29.1500241767932;10.922004335612007;12.744220907143221;52.864714959319244
2 days 01:56:10;-5.976846576778231;51.38952473532427;-48.628628016822965;16.466415813955404;-16.984123232372966
2 days 01:56:11;9.854027501186579;-21.784748994959912;35.816987966933084;-4.445295244000086;14.900826911634741
2 days 01:56:12;8.275331012768048;96.6930564731764;-92.77237396639347;26.441219249509174;-9.09999892746328
2 days 01:56:13;27.707240926643713;92.08775916201826;-73.61713022315651;-0.6924842088366912;36.267938405548925
2 days 01:56:14;42.638435093406706;10.651021745343506;-26.99624029008859;29.604030831844156;84.13521165653016
2 days 01:56:15;-9.926353873267942;115.9138898749075;-72.35646490139234;9.544806065563682;36.11328424628144
2 days 01:56:16;-48.00589063607544;81.91270007578915;-46.18353698351834;46.83246572993547;-18.170013070158348
2 days 01:56:17;-32.4127339760881;44.81518112825475;-46.17836147016198;52.27901953820887;-26.755682815842654
2 days 01:56:18;-29.88904202700371;7.296791533827548;-35.80382292058114;69.94768781651905;-28.256804069353453
2 days 01:56:19;-78.72430419714956;72.83808122779921;-95.73099308277142;73.89251367513044;-109.0415479733659
2 days 01:56:20;34.83094579794809;-41.53831110559645;35.05409904315727;-10.953813664488914;39.343546120961854
2 days 01:56:21;-67.03515981660507;80.48326977345036;-79.70363129274901;0.8229727024854777;-52.10082027316531
2 days 01:56:22;5.637122901679149;2.755138938669057;-12.273725292408534;15.935946842272829;-23.860609935236077
2 days 01:56:23;-11.23268603188371;-55.42423051883895;24.822368887680234;31.718334395936903;-50.28242581123855
2 days 01:56:24;-34.90667457481171;-54.06469806778128;48.839978579608704;18.90232722894531;-91.40830990007323
2 days 01:56:25;-42.0854251289177;-77.60241016111239;63.340168590584334;57.2051452767575;-65.97407858186587
2 days 01:56:26;-88.12800984922366;71.42028754818591;-43.87980115715929;5.160988981559693;-92.7287670619799
2 days 01:56:27;-71.66786838310583;85.84595610769315;-61.681918522633055;-45.52829406721453;-57.38394382217682
2 days 01:56:28;-82.76633708995395;50.04474406039854;-89.68193712109607;28.59118098964514;-126.46507229909743
2 days 01:56:29;-43.368676251059284;-45.27962263439711;-18.603324075321343;28.696557207653836;-105.49976458528234
2 days 01:56:30;-58.81813846374391;-9.371648423145054;-68.95869374934637;33.31506382315878;-138.459587672921
2 days 01:56:31;61.42299529425005;-119.80987454971883;102.67562282329706;-48.065708359847775;-9.273226264877609
2 days 01:56:32;160.1858439298169;-192.50320792298007;98.40437586214168;15.089141352393616;65.26876260012294
2 days 01:56:33;-17.87700633373166;73.53548298692205;-86.59139631844299;-39.7099570211984;-44.032305469345616
2 days 01:56:34;-30.26192412046068;73.51897719544792;-62.59394418287372;-40.70806086059118;-11.27202170642096
2 days 01:56:35;14.41973088311177;15.180615303854866;-71.97522053070304;-14.719339246365868;-67.17122923345944
2 days 01:56:36;29.6012139302107;-3.5240683916543807;-18.279745275085045;-31.068650992291495;-5.849118085052654
2 days 01:56:37;3.623163925062199;6.107762951011731;-65.41827207217084;5.747670261545407;-52.02040345696267
2 days 01:56:38;35.31402409788699;38.125214455956986;-51.20621158110093;-41.87784039294901;10.81207177397612
2 days 01:56:39;19.92560644644079;-11.545366472771192;-10.646305149251273;-31.2623595536192;-8.697072555346155
2 days 01:56:40;-27.952562446480012;45.84674703306709;-28.203876220944252;-14.228862620656244;-27.207242641449042
2 days 01:56:41;10.291276445639625;9.159164609228512;-49.47815801767043;3.369177919982482;-33.771381301765814
2 days 01:56:42;6.337437504189726;-24.071271037118294;-33.09940564113594;-6.469065957304217;-91.01457407672609
2 days 01:56:43;-35.990438220082005;-27.046438596546594;-6.229306883208246;14.204556075046172;-57.49596706312839
2 days 01:56:44;-52.824651116845196;3.7455236389224296;-66.25966841560796;59.18559268175416;-99.17041294069267
2 days 01:56:45;52.07182476541263;-51.529885069164024;43.32520211931291;-26.940168152959632;49.994255859078436
2 days 01:56:46;-94.82464856701225;82.41079905477326;-42.36880540114743;1.0039935280143493;-50.137528125101205
2 days 01:56:47;-55.023599614649534;27.292906367689728;12.793351541413868;0.07285516500719902;-45.34403496981254
2 days 01:56:48;-20.17637559986094;-37.00671708094707;24.246990563848488;0.1639874830769092;-69.24321196579585
2 days 01:56:49;-6.848301759729177;-55.340288443326244;50.32882733385386;-11.527997455439905;-71.45263196593567
2 days 01:56:50;63.959168054180815;-125.53699163236418;106.14805121660997;8.299465935824568;8.334844954427517
2 days 01:56:51;36.85050097516636;-7.454250564766368;11.697618575796358;-40.804979671442396;-29.83769754358989
2 days 01:56:52;-12.178313371947677;69.10996971357413;-1.5981543419622823;-66.67108140353498;37.22250851296051
2 days 01:56:53;26.857729740519463;43.204693852676236;-24.975482618629748;21.188149300879477;26.004697434919912
2 days 01:56:54;22.75890506667669;21.193813860747454;-3.492189996188444;13.940740587373018;8.8358274783467
2 days 01:56:55;13.257997461739134;-15.522394318627475;3.0613507769992196;8.628499650530294;-29.42178757630972
2 days 01:56:56;124.7263645284512;-138.48137713834888;175.23269643377733;-51.741338215963474;94.49787440382683
2 days 01:56:57;167.13209697408027;-186.92142958735664;155.22785524111006;17.426191549176906;138.11864181719415
2 days 01:56:58;35.82638063534706;14.091050020571279;-9.911634340242642;-33.02359560480954;28.078576161836896
2 days 01:56:59;26.198677068091165;-21.107191102690617;51.97751839361239;-24.708915710665178;81.08599472390536
2 days 01:57:00;27.938211809021148;-19.165273564437854;19.152374705335774;-33.89608952680939;-3.700228531927448
2 days 01:57:01;27.348047472273638;-66.03223471746327;69.35866254569534;-16.857881974973804;39.6998596321986
2 days 01:57:02;60.940166933389065;-27.416987858386275;-4.761344987880609;23.799554540028524;43.7579963083519
2 days 01:57:03;78.32840064522371;-28.979902138550585;18.76221883903318;-5.907385076144786;98.33041302878095
2 days 01:57:04;73.59768385447398;-49.79978075933185;22.256220393753676;19.775157881217435;105.23569532417599
2 days 01:57:05;15.87984164303325;69.32889644148871;-15.719410989118408;7.343128843867601;63.54456190756586
2 days 01:57:06;8.991962120945551;-1.8430948429250944;6.561018736095849;-0.9648695715389066;16.43656997167939
2 days 01:57:07;35.71676721616971;-4.678094407228051;-11.665928340065888;3.45750820232596;34.427060283946034
2 days 01:57:08;32.292887136833414;-16.633529732300865;18.64787873480326;18.079762159214294;57.73017190122593
2 days 01:57:09;-5.104485081088468;62.64396465736098;-43.47004599411453;-16.845727291188943;-2.6188857150447054
2 days 01:57:10;103.22567454344484;-62.93220388282536;88.17945467572541;-33.848840271707495;153.82269624235397
2 days 01:57:11;-32.126837230516884;56.32364034129829;-19.540872636288828;-10.288578560803673;6.9763951021271415
2 days 01:57:12;12.694790724267351;19.707026047035974;1.8045610754364312;1.6546950768689395;14.654069799197693
2 days 01:57:13;41.75009650720329;-26.634711807714694;0.1019333264444533;44.24680595180468;45.624108353418684
2 days 01:57:14;30.20189097149523;-16.87713393854981;-10.548803173088434;44.80439628989503;59.835334483158945
2 days 01:57:15;23.395327153990568;-67.2384106573399;43.11829463299852;69.66311520975256;74.28686401350839
2 days 01:57:16;-14.491366314280798;46.5660825101929;-48.885835934330736;21.584579836789533;-4.28830428651078
2 days 01:57:17;-19.275161787867535;66.81267322295162;-15.665772451790886;-30.724108927070866;68.93564738000693
2 days 01:57:18;17.210639271178913;46.19676717336287;-40.69041064599278;36.810551882286056;51.72800208106756
2 days 01:57:19;-5.810696637968231;-17.799534966472553;38.79091271384571;7.7680926942317114;3.6415899760689276
2 days 01:57:20;-29.321858335293328;-6.105462753513615;2.320486897971451;52.90966760960927;-11.696837570548784
2 days 01:57:21;87.05551504365478;-134.16648711475403;165.60193337669256;18.820659970260127;127.24520562235631
2 days 01:57:22;128.7532012593066;-141.21662564912359;124.28359544097373;59.46942414312852;169.84281219567444
2 days 01:57:23;30.335477036412716;64.61562155353116;-29.69842649867086;4.560430858309497;89.28074816958858
2 days 01:57:24;49.27146417566331;-51.19007374548554;109.32894023385137;11.16688717265578;134.96373909812067
2 days 01:57:25;65.53089784546943;-5.990345942188634;11.808684110882016;42.88842876458029;53.28429112540147
2 days 01:57:26;52.96604056858661;-50.26395180384683;72.08990521585608;30.318684382285888;77.41093861012475
2 days 01:57:27;-50.08870817473351;47.92188889725005;-30.537616381753793;43.11580478408368;-47.87517815298558
2 days 01:57:28;-25.705284887901986;5.994755356282452;21.057935639646455;-22.41718966441996;-25.658863136219615
2 days 01:57:29;-38.49817539901434;-48.47746385768257;58.23117649803001;-17.008952285615077;-30.379845702052204
2 days 01:57:30;-126.27112341406757;100.27461494269438;-17.907706110086178;-28.922062539991096;-79.59394474430181
2 days 01:57:31;-131.63093407498096;10.886785095322507;41.3467928233896;-14.580052120923803;-127.55561105929418
2 days 01:57:32;-19.78542143801734;-12.818661593020815;11.660328604209854;39.611962208389656;-53.705344498058075
2 days 01:57:33;-9.675154617880448;-38.291853147499246;55.36136207997929;23.473575748459986;4.541415420091788
2 days 01:57:34;-116.84085503693424;97.36980138659257;-23.300308761757076;-28.33956673442408;-104.91553141034646
2 days 01:57:35;54.85909203797289;-103.04843678386126;131.72362733809084;-33.13820196772496;77.40438908980012
2 days 01:57:36;-63.4159183474559;6.95497847245357;20.118704905953827;3.6226408710964;-33.078971395573696
2 days 01:57:37;-25.371409025209125;-17.68166466554845;48.45918861733412;8.967903312120523;-19.510786989220055
2 days 01:57:38;2.8047638507117303;-68.13698295726519;30.24306499996188;57.63320535400636;-0.6065642000669703
2 days 01:57:39;-21.416612320621226;-22.940460148389228;-0.47309368358932485;37.82551435177112;-17.298239386234968
2 days 01:57:40;-39.48205450150927;-72.77065231243728;68.95962322328877;44.844550173848276;-6.114138539441323
2 days 01:57:41;-54.5321341062193;28.29554378046998;-23.55484857141543;1.300163493851425;-57.49761553114215
2 days 01:57:42;-60.0365228420624;-16.974827532033263;53.387395888720384;-41.96257382759846;-6.046960411216426
2 days 01:57:43;-11.681287940146605;-4.042424434904241;17.138215280056645;17.357283529718934;-2.2573639249895767
2 days 01:57:44;-21.437822587298783;-24.969286077674916;39.24514861904073;-21.35375783822724;-36.599346925717384
2 days 01:57:45;-27.667990517886572;-23.47390838937938;16.925274948984793;-1.1203320080160895;-63.706326251466436
2 days 01:57:46;114.19456017087825;-140.71575816626054;142.08264873989228;-42.87814029591372;89.41276591401835
2 days 01:57:47;102.4215820946866;-132.10400723650304;123.79195304043232;31.09514138643896;129.1789488535554
2 days 01:57:48;-10.955082057661631;3.761584867453677;37.108958896125145;-28.877731250614232;44.66550304047909
2 days 01:57:49;-17.330593600650023;-86.1002624426428;134.54368849854347;-17.30381457542958;59.63828059087286
2 days 01:57:50;7.277035127408755;-30.761424925838217;78.26990452101565;-18.636928303895072;22.805684126682955
2 days 01:57:51;42.90070895082836;-74.89754441704193;90.25569789308304;-4.454007620213473;52.931255578048216
2 days 01:57:52;12.792592301261001;12.963317720925666;-28.01477744367775;22.760793142051067;0.12214786893340393
2 days 01:57:53;15.281419456770266;23.313389207934577;-23.082824739682007;-15.63739395900446;19.781924818406612
2 days 01:57:54;26.41305512121175;-40.493212741644776;53.81888869918764;-42.620273264303016;55.28348072924442
2 days 01:57:55;-54.42143981834236;41.45919275560475;49.38259001313271;-64.99111732608961;7.4875744602891485
2 days 01:57:56;-1.3009302847191706;-47.40258205373091;83.25803836598666;11.93094796622156;32.12813313768718
2 days 01:57:57;-20.164050261869267;-2.185119273389949;46.42883837096528;-10.907149496096544;-8.476009952637641
2 days 01:57:58;-66.40682519630799;15.738548705519149;17.764235853727577;11.152916284943927;-26.422752286656205
2 days 01:57:59;-48.810440051417004;62.79052301296709;2.5423365828118603;-37.659834897374424;-44.29950658115967
2 days 01:58:00;59.11777323352977;-88.576194528752;104.92485768572104;-52.55414635993958;68.00639777120108
2 days 01:58:01;-7.150874566507763;-11.169033172697997;8.571978144958011;-0.34656090868182;1.9924691666805063
2 days 01:58:02;23.953871486109314;-11.768406085053332;11.425834616137534;31.176698151797673;35.0268693925997
2 days 01:58:03;0.9277624727919986;-5.107665068229267;-17.96299741254481;30.78468447231593;23.771374095700562
2 days 01:58:04;-13.399262214303667;17.98531746244489;-33.92898911501515;29.33567258819457;14.916281548526074
2 days 01:58:05;5.496027462183265;-32.43990929002601;19.246197753843077;74.54518434792557;60.172168931939
2 days 01:58:06;-39.41335553788505;73.23010538723865;-76.50703496430516;36.796286175501685;-21.58781952976323
2 days 01:58:07;-49.40582333006403;-2.2626107715120227;39.7449243287324;-43.76165937844942;-5.816559447779819
2 days 01:58:08;-42.39567127343837;2.038663518325011;-0.3727971016599403;34.896524879299776;-45.4296400999997
2 days 01:58:09;-82.53805086948053;-17.08784281500682;16.196929708449527;9.879441411400972;-86.95782467892995
2 days 01:58:10;-86.68205501108473;22.8637023146277;-32.38553547974622;18.382205410268636;-76.26649321647187
2 days 01:58:11;59.51854466655315;-118.61882329756553;121.58592142959654;-32.36312768417148;55.35950177994076
2 days 01:58:12;68.52775955442317;-142.80211518540565;80.68132479998096;38.046933275541974;58.525817601440686
2 days 01:58:13;-53.587372791488455;14.859187767197971;-7.5073336632800265;-33.070000432196586;-39.885702403309466
2 days 01:58:14;-56.21492831623012;-52.49286116273563;76.45967108839449;-25.57754415396813;-39.42908358313207
2 days 01:58:15;-63.124983936999506;26.277733548983818;-27.455645983121297;-15.1006498454195;-112.96424226334881
2 days 01:58:16;-0.9306525050193846;-74.84588393623346;44.392879265324055;-6.443366261200748;-50.33815400261925
2 days 01:58:17;-41.15947931029644;6.715409944918187;-31.719729695510164;-1.6801139486159744;-115.21234666707328
2 days 01:58:18;-6.49232550888737;1.4199429201315963;-37.42742814700694;-7.46179957433318;-62.88715879780749
2 days 01:58:19;60.07240285009067;-79.09585511463604;54.47331389320825;-36.726414187878596;33.01446895008827
2 days 01:58:20;-36.805766291733136;-5.917722151516092;67.78164475667377;-62.59542518875471;-46.16809383074322
2 days 01:58:21;-8.953740316218413;-69.75784090373963;61.910857941987;-16.59651779337398;-42.03251930602128
2 days 01:58:22;-40.090136604072576;-37.99811300761931;24.776558126270743;-24.438611733010426;-112.56033581768153
2 days 01:58:23;-45.552826844368255;-49.75622337843329;25.18644731115471;-0.4215738840663945;-95.47882405873703
2 days 01:58:24;-56.30983898777073;22.29692573430208;-14.525386552656974;-23.16672585288924;-99.59894134879937
2 days 01:58:25;57.32380287000544;-108.9803116058452;88.07998111855217;-28.94085190221713;44.563445679192334
2 days 01:58:26;-25.125761516759102;-25.52908343737531;35.0042260102211;-34.802919110043796;-44.07676541310135
2 days 01:58:27;-6.265142741611243;-32.43972543958754;9.957299804611853;17.346361709831143;-20.86720492533993
2 days 01:58:28;61.519424916243786;-74.44872917856249;15.08380556612128;5.503979511876262;4.5675264536519835
2 days 01:58:29;51.308307682549;-69.29973499813438;39.76926939021575;-44.5703279818937;-35.497469434934224
2 days 01:58:30;77.99130937878019;-140.13888491064742;75.46528056624088;32.599218783535804;7.448701290424497
2 days 01:58:31;25.900442231307316;-24.750867838216106;-2.4593584070888714;3.0709481389739124;-33.94844939410022
2 days 01:58:32;-72.60786969542802;-45.27141187502011;110.79806752427329;-80.3739563446969;-48.46515452222578
2 days 01:58:33;-118.76198397315738;-7.868955157743409;20.200351958891762;29.710969745535536;-134.21178466914535
2 days 01:58:34;-82.36402330639457;-16.702929418800952;5.29579119167744;5.981795755198583;-104.60925261018014
2 days 01:58:35;-28.397141881787437;-21.46629318020732;-9.042033418171087;8.444246387775134;-69.43400819863636
2 days 01:58:36;47.80292350237934;-94.38997584619517;69.77718313743192;-18.226846694245555;-11.889506501381112
2 days 01:58:37;66.0422179273002;-148.8215735372806;80.0032541496723;19.07220265342789;31.514238155718925
2 days 01:58:38;-61.14547116869091;-5.8511444143581794;16.843550598592724;-32.22817979105128;-41.903914762121126
2 days 01:58:39;-46.52924142343411;-60.18389722801748;49.62605264445752;34.34764489896944;-20.974275389759043
2 days 01:58:40;12.73287579304158;14.772948027589882;-70.8694198530347;46.05523374673682;-30.26912827335193
2 days 01:58:41;8.652802079066324;-12.271761293656537;5.430930071976745;-5.446423923643022;-3.336019659664815
2 days 01:58:42;-40.028376347250386;40.524934182261525;-53.71494389920649;27.0336921536999;-80.00220355566138
2 days 01:58:43;-50.1188986145848;67.05807672326216;-64.39285125756015;-14.493375152694142;-71.63091231306912
2 days 01:58:44;17.328134621639183;31.204807749405166;-49.44002863832217;-11.253935611740593;37.81261193097095
2 days 01:58:45;-18.265442663982846;122.24943015268889;-54.42497424316118;-40.65689730696823;51.59195931453832
2 days 01:58:46;34.386416119945515;10.158894315763222;-27.59429123687922;35.537705628970286;32.16193641140754
2 days 01:58:47;-13.19935665540152;41.63328356053417;-36.243217816575175;-7.041632598526879;-50.85692858139047
2 days 01:58:48;-77.66901461665587;39.70360518258776;-18.417102429929944;5.307102869993585;-81.67130576633745
2 days 01:58:49;-87.02802508828516;86.28899235613295;-65.48196476667802;20.55816614605027;-97.65818666195682
2 days 01:58:50;76.9746229504166;-74.05484455799075;53.686430034784756;22.21640842628596;92.17894171541118
2 days 01:58:51;-99.4496279631881;52.332809277522294;-18.04752775455297;31.57359575057764;-13.77242912254618
2 days 01:58:52;-13.754710484897291;1.8724318066019874;9.047808251443564;39.022931708361135;23.279411237737033
2 days 01:58:53;68.283505166716;-50.29610877582372;-27.13106238422691;116.02057272745763;25.189737974497874
2 days 01:58:54;34.60549340101482;-26.70681556357437;-16.797734939029592;70.68404152991592;4.539389081132627
2 days 01:58:55;30.82874919477093;-105.71368543101612;52.65561333828602;90.02164896193419;15.484269904116562
2 days 01:58:56;-2.2999644615943895;11.596665285772621;-29.530404711287098;36.431466049493785;-56.28411625050294
2 days 01:58:57;-26.945608431794625;-1.4765355223945316;55.18005892311419;-25.48395775620202;25.361953702299854
2 days 01:58:58;-20.229276731737468;43.353450281394466;-41.219336896254205;72.82368574391671;-14.374852616588461
2 days 01:58:59;-16.560058253532116;-11.293570546218566;-11.899041026594073;34.25769231907624;-53.768240000825124
2 days 01:59:00;-9.798868405858641;2.664639802761257;-29.873644455137157;43.093648167702725;-49.446115183712955
2 days 01:59:01;85.79972723020381;-75.90379132221905;85.26718827612636;-14.079258721233536;64.7980666732452
2 days 01:59:02;124.79532926207406;-110.14229870540356;48.244517512597426;32.656679689858755;75.59632518414053
2 days 01:59:03;5.255981462996585;76.29007564952701;-58.70582257061691;-57.85488750023507;-3.5287352656034057
2 days 01:59:04;-17.263866922060114;5.431074940921363;22.492317133207816;-38.02722235914019;20.343243164018947
2 days 01:59:05;59.745017980904485;7.84573224094802;-57.980561095281466;-10.474664009632976;-16.502869561929174
2 days 01:59:06;46.80210655762441;-45.713656717338225;20.187134179865673;-39.14999845116986;3.3584845629574396
2 days 01:59:07;-41.084062976119164;34.16181897426734;-66.90427810663692;-14.91745416585505;-120.9709753732529
2 days 01:59:08;-31.679730823790873;40.396255989454055;-42.11044740011716;-53.66501586154357;-86.92630597367281
2 days 01:59:09;6.978290289245751;-10.915046659887503;-16.585186686741586;-25.38848070499305;-24.402570915297055
2 days 01:59:10;-40.71217451613762;41.24507685155501;28.00009997828805;-66.62148547930028;-47.47842319623761
2 days 01:59:11;-32.7859477355752;-6.361929982318659;-5.6161616927649645;22.364859168899876;-53.85386496130004
2 days 01:59:12;-45.69159499433213;18.7631917173213;-35.507802900115976;-13.119425240294007;-125.51779279036914
2 days 01:59:13;-49.30331862323827;5.201629323803789;-3.646563545870729;-15.308813120267494;-84.33207853586276
2 days 01:59:14;-85.00957770635583;105.08790086218548;-100.58306083695363;17.839769194169037;-116.61278991460172
2 days 01:59:15;73.2757962596602;-94.27072422407718;106.32760673327121;-50.00257650242344;88.0678952196166
2 days 01:59:16;-74.36670507338847;45.39011478899388;10.792366309926322;-34.05911796142823;-30.88665664212837
2 days 01:59:17;-16.658908375037953;13.950807867012909;20.99308435334034;-0.11258961891219554;-12.533734370693308
2 days 01:59:18;-26.1387392596597;-12.60131238803617;0.9821917259996912;3.8125897292752566;-69.62991765498555
2 days 01:59:19;-23.638279784295968;25.454686007521932;-21.84514985773236;-10.982452287066451;-68.67364830913186
2 days 01:59:20;26.969041147523797;-63.42963128016369;43.21269430686529;3.9668891386618768;-22.187943749015226
2 days 01:59:21;0.8063131563740972;45.2019980009488;-56.036614781847966;-29.70563467278059;-70.43059483073093
2 days 01:59:22;-48.013139387989085;11.970763897620628;36.7965279449764;-57.7191160297201;-6.846872266072757
2 days 01:59:23;-13.645837013650901;-8.257206128453634;10.868560283705113;-2.3762678643263895;-47.722065092199244
2 days 01:59:24;18.909630038969215;-9.058084362463024;8.796523475624141;-34.79296032392693;-32.984605889242076
2 days 01:59:25;25.780905240707416;1.944061172785075;-39.31937901897553;27.69596996005902;-33.378902776491685
2 days 01:59:26;98.21016644810015;-100.44011481650291;105.75420561153904;-36.69829834183999;37.62780492528125
2 days 01:59:27;125.89534204261274;-109.05067381623108;70.49707284053409;46.031328447913715;83.91944474695474
2 days 01:59:28;-20.68559504467233;44.04310016165383;-27.05792047846656;-13.677171308148981;-3.886378429006758
2 days 01:59:29;-51.822702236176205;-28.523317599240052;74.49582796512128;-10.992459341405231;3.2867681288261537
2 days 01:59:30;0.2313563410652475;48.95247563625305;-62.930906943927155;25.007729991475895;-27.663843615858692
2 days 01:59:31;11.924489221567525;-12.16094240257773;-3.6133498478857495;16.791184046214426;25.110904848220095
2 days 01:59:32;-58.202486351912334;94.23537506075247;-103.49016332574166;21.717781258800343;-54.30293872154837
2 days 01:59:33;-8.430563938309904;66.88113713277863;-51.95912029727148;-27.42030263549458;36.44969306647004
2 days 01:59:34;-18.41025219713577;16.905001631111194;-26.529124671844478;0.7581943299853067;32.73829514447392
2 days 01:59:35;-77.88640290852217;79.15466501723436;-7.576731068647224;-36.20506956744705;19.399884725227405
2 days 01:59:36;-107.78942508975452;51.20462155731462;-30.899825485563372;11.079860093134025;-14.754633697196367
2 days 01:59:37;-105.16466906607305;88.96722320664381;-42.778008331510875;-29.5286986562992;-60.520648692201114
2 days 01:59:38;-97.96248902813532;52.830520926713675;-5.151805843512311;-13.77068361948109;-30.557239750581033
2 days 01:59:39;-176.5855332760963;133.79261127634766;-108.03429252251709;37.16369262476267;-123.0217558706221
2 days 01:59:40;20.77195023705042;-114.63222397789318;125.60020677306308;-23.095082134601263;73.277067491413
2 days 01:59:41;-113.70649044470932;4.160048118882903;42.562931535606516;-28.809449434518488;-81.3068407958646
2 days 01:59:42;-139.51096300428676;-1.2606411905149302;51.85726156823729;8.08541102426679;-121.21385227489543
2 days 01:59:43;-109.74074932049848;36.867750437779016;-12.407078510417238;13.673621271607884;-82.0041622733452
2 days 01:59:44;-76.72168172492603;44.03463308257687;-10.513794093362296;11.985088990770633;-37.36728466438639
2 days 01:59:45;-68.14251296437442;-22.90921623701669;43.96173346535959;61.86108406024264;-0.07093220768653043
2 days 01:59:46;-124.06276273341122;148.08512728443873;-70.34885092900053;-14.249012072296166;-68.17698734322408
2 days 01:59:47;-76.3250327247359;-5.073230882136973;57.88049642819822;-60.318189128033346;-8.486142452449018
2 days 01:59:48;-128.56280038134975;76.62210182720897;-56.86729416279089;21.98637647100867;-101.09622936257882
2 days 01:59:49;-94.50369494317484;63.534939084801216;-37.216561207895786;2.5103488475542326;-70.56796224846426
2 days 01:59:50;-62.45391906813079;50.3179595073177;-62.52201492729613;13.349328657826419;-69.68721976901207
2 days 01:59:51;42.281217488635946;-37.28765071752318;71.3951740913639;-37.68416981996554;33.14607859120099
2 days 01:59:52;71.38863960506697;-65.13250914406996;59.90550114639108;38.08324071129476;62.19935041276908
2 days 01:59:53;-83.2787549925166;105.05393837610954;-79.99559037843385;-17.702135688551202;-82.78924910528619
2 days 01:59:54;-38.5272280221792;27.94114644087534;9.733145581480724;-3.319240684431478;-6.171625089836236
2 days 01:59:55;-30.207570833169232;82.18349859796588;-79.28414411480733;18.289979550488408;-83.21070348670457
2 days 01:59:56;16.448538316118018;-13.867011781802942;4.795528990384421;9.658380155966872;-15.56889820967248
2 days 01:59:57;-3.8892242564064756;28.076184560474818;-65.1100622840741;37.824974222995884;-78.7760948384035
2 days 01:59:58;17.84269168172231;-8.689146972887494;-28.50212946922979;12.710834764275855;-37.62483985280786
2 days 01:59:59;-0.7464893262392608;1.007081891380851;-66.33597752469092;30.418849306081757;-46.258955246791544
2 days 02:00:00;-46.98544736050133;45.70896093143009;-19.461931784307243;-20.367425726732364;-62.18335586508981
2 days 02:00:01;-55.14367924559595;16.82569503392734;-16.70464691410155;9.870705448402212;-58.17919807492031
2 days 02:00:02;-70.957607447174;61.17822361868874;-63.46207660762282;-5.9371504025546376;-114.36826192496754
2 days 02:00:03;15.586550752467652;-18.98699827901251;16.45284880210759;17.52603832487891;-3.8336431750392306
2 days 02:00:04;111.12424495296737;-19.311982766604295;20.92628910006316;33.30622193870628;55.92300209648172
2 days 02:00:05;157.83017105611682;-123.67636913524765;125.28925391070263;-34.517053463949374;146.37741307241296
2 days 02:00:06;28.947233989806282;59.18886337231928;-38.500029132719945;-37.00741044674512;24.030982241204075
2 days 02:00:07;42.092787039476335;15.705749502714083;6.086408880811578;-2.3146002483596595;10.036809215901851
2 days 02:00:08;67.14026788972448;-14.568851077922247;-25.463156194362355;4.967297317144369;29.207393572878033
2 days 02:00:09;84.00500777758072;7.8041907566232815;-46.559695437930756;-12.105926992247094;15.137280861479661
2 days 02:00:10;113.96059538733059;-69.91870379644007;30.5093073060907;-8.969834283820768;45.95882968923431
2 days 02:00:11;75.68538804590908;68.46937560320634;-70.88042536528575;-40.4868709973398;20.340940452673525
2 days 02:00:12;53.866119662097226;30.86833990241553;28.081939937077486;-84.11133006323654;104.28245571458376
2 days 02:00:13;54.233801372070296;67.14015994899638;-53.93050350885956;-42.10750708760993;14.618772062842122
2 days 02:00:14;73.01878855849667;-9.026878060954397;-2.0110414056703774;-43.2033258242678;7.259315418276513
2 days 02:00:15;128.32203834184847;-16.586698826189725;-0.965770751018835;-31.684302237675286;70.6598317034944
2 days 02:00:16;221.51015037542217;-119.30431548843144;92.31133070701857;-77.06763285495987;137.34323166986724
2 days 02:00:17;229.0744579968136;-149.45915396813913;86.5164590518181;-6.249363383792148;150.52036406784367
2 days 02:00:18;91.91691753953998;-8.81786166407904;11.757756220447183;-40.47486627177819;77.8206536534369
2 days 02:00:19;54.278637298815354;-65.49148274545364;88.34645672410588;-38.22998878481678;87.84892360637508
2 days 02:00:20;81.09718819597266;-3.9613145623688952;-30.2338097379852;-7.535903752825813;3.7430242585816815
2 days 02:00:21;89.6696317208398;-38.13477418482841;32.24709898609984;-1.8667384648880836;78.95825907717521
2 days 02:00:22;48.56305373797727;59.14568365657833;-34.72512490517194;-48.48251454277405;29.23124575175233
2 days 02:00:23;63.38331445873188;21.221030244984313;-21.23866164318183;-45.832326983828565;39.76615942651064
2 days 02:00:24;72.33653167114113;1.6216858908875074;-12.373717382171622;-0.4921174105798967;56.4803544706788
2 days 02:00:25;52.065391441432496;54.76906274127068;12.144722068506072;-32.055227142820165;83.5622966299999
2 days 02:00:26;45.45362873847266;7.659288810592299;-13.8486593949402;-13.653767363244489;56.2278505124156
2 days 02:00:27;26.122663844237128;71.77987394253927;-58.75923497704795;-56.56841352760104;-6.333070153668463
2 days 02:00:28;9.367975687451878;22.810971602311334;-2.9247316659864775;-31.98727587787523;46.93862940769931
2 days 02:00:29;-44.801069251924346;153.96460953041887;-88.46737887403803;-68.83754679213601;-9.251708034921567
2 days 02:00:30;165.3270524105657;-39.925333861276755;66.44418799068558;-58.12457770147087;225.7975689921206
2 days 02:00:31;-14.130865766481165;71.66725565589765;-3.500443112954884;-50.74562082112713;17.34563262138271
2 days 02:00:32;-9.552297637167653;60.798338539583135;-21.59856847059806;-1.0916477211584708;25.950581869010268
2 days 02:00:33;44.380820019383414;12.432629482989274;-27.45378397059857;8.181909277616391;69.458912311217
2 days 02:00:34;30.72208690470847;16.930010288361345;21.08593173348772;-37.27089245606566;51.8442707979843
2 days 02:00:35;56.527287824581634;-36.34087363031752;50.14646761100486;-0.6656894269534142;108.33793213461972
2 days 02:00:36;60.25282364865714;36.173589437041024;-30.818160328987684;-11.750206176405053;78.82985708315208
2 days 02:00:37;8.553923049506723;-18.803858581249862;67.60722123133375;-47.018765854585276;98.68928917174142
2 days 02:00:38;6.686917650516599;27.960455961176663;-11.976639756498404;9.880500305761222;47.881071269192255
2 days 02:00:39;-6.005227588511548;4.987998599178534;29.308594755230178;-5.110287244455628;65.59911459979098
2 days 02:00:40;-73.59659008770295;76.21313692939516;-47.95564402076708;-6.631609049166159;-33.29380725803612
2 days 02:00:41;46.97670216638153;-23.617957248983775;50.65463291822559;-39.281458088675386;80.75494334207005
2 days 02:00:42;79.39682379813046;-35.83017057890801;36.25364178578672;27.99388036074768;122.22230825530075
2 days 02:00:43;2.222706478646284;140.6352034188985;-93.91649518560557;4.188756512133532;48.218251177446774
2 days 02:00:44;13.696037127540135;17.0891780258516;3.341532580844924;-5.9128978305724775;79.76296153779441
2 days 02:00:45;-36.873514531688656;81.94720490238727;-57.847311052477146;-9.256671942067044;-9.805271419351323
2 days 02:00:46;-16.033686111323817;6.931654538112758;9.39299468007422;10.764832187644888;42.56652584134758
2 days 02:00:47;-74.86476868915643;122.27202553889205;-98.69500827521811;-1.8438244288594696;-31.665561975511498
2 days 02:00:48;-57.301597640981136;119.31922314807022;-67.13922609944682;-35.75299265018053;16.780993591926677
2 days 02:00:49;11.088510338957986;49.98237735941189;-39.61123066085135;23.492929293564973;27.098103996541397
2 days 02:00:50;-4.604011252485434;116.27975372731505;-85.37604674296712;-4.861459269708824;15.126383930544
2 days 02:00:51;-93.42634484161964;115.59361359569688;-53.48004211436365;-34.71489935755835;-19.236632838370806
2 days 02:00:52;-63.42566717856635;92.09470686683811;-64.7291373697234;-40.48675539621724;-69.76631977373829
2 days 02:00:53;-12.948090438031391;8.048611090796815;6.616386522400944;-41.053064490652844;3.8996505532569623
2 days 02:00:54;-38.58775090113224;103.57431607984864;-79.18094070645253;-47.36317915136429;-28.755846651150556
2 days 02:00:55;91.72986409615518;-64.7447524898283;77.44689669540638;-4.6928736833882;140.911223196137
2 days 02:00:56;6.286791656142776;9.262636574685363;-26.443073272261753;26.13040844068562;-34.783002468513175
2 days 02:00:57;-78.6427726140398;50.56499636356318;-15.86788897996898;12.116689363125891;-73.66266658156977
2 days 02:00:58;-77.51584454453716;36.492070341699794;-0.24880438643643674;9.682410005975584;-45.88079281394744
2 days 02:00:59;-69.40904094794416;23.082063677736624;-18.665042026327626;10.36540921358499;-80.45659238426184
2 days 02:01:00;-51.669346657083096;-62.98633056462302;51.17688997017474;27.495817260403953;-73.96382946327965
2 days 02:01:01;-50.48189866422371;53.79658384503868;-60.602265452685096;24.782572247917074;-87.03639728074963
2 days 02:01:02;28.95895456338809;-102.80912020583013;60.39656964451884;19.64779182460574;3.316746844785803
2 days 02:01:03;-31.687002618438516;-3.476714792777832;-13.091331282778299;36.26152758464264;-71.50955098372012
2 days 02:01:04;-78.03353313389321;3.42337263729444;14.894958404556343;38.76112150516574;-68.11809474376324
2 days 02:01:05;-141.57866395957777;49.69306918033656;-60.62607780733468;43.34039966875955;-136.10628640318717
2 days 02:01:06;-13.557555383334892;-47.29929245271866;43.519890762740296;23.268577040570765;-15.023651345924538
2 days 02:01:07;80.90334675399325;-109.2851266222053;85.22953650361097;64.62191315187955;70.1369582808084
2 days 02:01:08;-31.368064480550018;63.2046236238358;-49.633532477007215;17.675336422151247;-26.779401302902823
2 days 02:01:09;-4.414737749215136;-55.43224947315934;48.19897478252387;10.315604172376931;0.24846016063949028
2 days 02:01:10;10.488981708574615;19.446000922929088;-39.39417008466558;-0.33959278276813126;-29.80591090760078
2 days 02:01:11;38.85325616617478;-59.017990184762326;46.9464336026075;-14.873835827766031;30.34181253700731
2 days 02:01:12;-43.46439610231505;26.863041368297843;-53.76212544603384;13.695407277550947;-61.28624812928141
2 days 02:01:13;-34.85657471774928;20.467478541750378;-24.784003469477437;-6.514486568586826;-3.0112298175744012
2 days 02:01:14;-13.003450673153386;-28.243802521358102;16.601104247645218;21.44251880750722;-28.51906996238954
2 days 02:01:15;-64.2292039966929;15.104786109489694;-10.401734661158404;21.394758213043726;-40.61624837348433
2 days 02:01:16;-108.11765484654111;-7.129407482311233;25.94090683030622;0.27498280310882944;-70.64708155489312
2 days 02:01:17;-98.40380088828121;30.066462089920407;-12.606550908131066;-3.247300414169069;-123.79284185758439
2 days 02:01:18;-56.49606655145974;-3.1518924316976946;-6.782982343465222;17.740867676318064;-27.064824156474657
2 days 02:01:19;-160.8445658886764;136.8833855362566;-97.32678691568395;-48.6318513108292;-134.09615693991955
2 days 02:01:20;37.73654502780152;-118.32234574606207;95.36774895695568;-20.756769713954863;72.73285770605438
2 days 02:01:21;-59.51698186570667;-8.013469512381244;3.4316338485872175;-15.728107257940817;-49.05972045785731
2 days 02:01:22;-116.60753826249092;38.64541076552049;-25.04530256897895;26.18499631093901;-62.155494770615164
2 days 02:01:23;-104.20067368580851;-22.891699349971912;48.250948674554444;-3.104622943276073;-55.23273817434487
2 days 02:01:24;-63.9711231526269;8.650074773496366;37.36093980011801;-17.016086307703432;-52.58956036138622
2 days 02:01:25;-15.825034199899028;-59.938214877121794;50.161697453499215;37.266076468376504;-4.352859535687054
2 days 02:01:26;-0.3035749606458693;30.735405830048524;-16.131544180929104;-9.6082728199974;8.834644327253976
2 days 02:01:27;-30.057208857100434;-9.603181106910068;47.38812589572357;-60.67131960561934;21.921793220791105
2 days 02:01:28;-18.89408247206018;19.576659714979176;-29.495458464814046;28.855427344323168;-5.837817393812023
2 days 02:01:29;5.68902524834658;-15.042339556199867;27.694471101210947;29.03462947228504;50.984405299694615
2 days 02:01:30;-76.38081690402706;49.945869553824146;-42.01182768397927;38.17586347097571;-58.38687645595206
2 days 02:01:31;56.25012505961577;-87.387729554229;116.96974294044175;11.943040619108682;57.07243765749846
2 days 02:01:32;119.20558462987944;-150.94618441139997;143.25340361931396;38.934127471825335;104.3949075625496
2 days 02:01:33;-49.13845392547696;74.1725985939367;-46.18678073761439;-19.973848975428982;-29.17051017892837
2 days 02:01:34;-5.203991481990012;-11.050335994380262;21.743976028037892;14.953574623962076;58.41869515436859
2 days 02:01:35;5.691172577204015;39.53051401234088;-55.55536522435467;11.315735774977098;-17.469336163940252
2 days 02:01:36;24.928867439426096;-56.74876762988449;49.23329271382327;7.8916908643420065;41.52963626272387
2 days 02:01:37;-30.887180385037723;71.17961132433845;-82.30788791002357;2.1407173765792407;-45.28896076300894
2 days 02:01:38;-56.74906842654223;51.742911806605015;-71.50407511721956;10.666325458383202;-54.73697291219161
2 days 02:01:39;-35.858361999646725;11.28534502689902;-33.16124798160256;43.51404130089739;-35.002349892150185
2 days 02:01:40;-62.39396077642331;55.023557471465395;-12.924519077429444;-28.331464104338348;-39.23473866011905
2 days 02:01:41;-81.09754001631879;-9.89503617994783;4.285840241914623;55.35345846392483;-81.36368625077893
2 days 02:01:42;-46.6945909107306;2.7616982005392035;0.09745326565738233;16.108330562451396;-79.87022574394133
2 days 02:01:43;-44.05019250277135;-21.018459704484073;-4.922745265673739;56.83228010341365;-38.55080586962269
2 days 02:01:44;-105.88300416449384;80.07725063896049;-86.53681323015022;57.27244538210431;-126.9005836289975
2 days 02:01:45;123.43010832298253;-153.8191324129792;118.12739479865566;3.3642601681182183;121.76331976652463
2 days 02:01:46;50.229329346451536;-44.18440276931883;47.45583655480004;-37.51614188169916;2.696431265703757
2 days 02:01:47;55.125661588651646;-34.856493532949145;57.66189835084085;-4.0410719519341605;64.5884738660429
2 days 02:01:48;6.413421105155963;-20.053922584448785;21.597521468361517;8.864232959339535;47.99560716905724
2 days 02:01:49;-28.939101835608746;19.67005816880054;18.089243879501335;-0.13798629881356037;9.482338799487525
2 days 02:01:50;-15.413523146137267;-49.89609245696892;75.87977405890167;9.333398335433525;29.957404010565703
2 days 02:01:51;-19.7687559929911;107.11855318683448;-49.684599966159844;-35.25666852016907;11.438735153056074
2 days 02:01:52;27.659405502533556;25.388840113560864;20.81930365102316;-75.75335932431965;78.6779004571181
2 days 02:01:53;10.385518824615158;18.365071937112564;-18.53825016463395;-16.345712946364795;25.915269176275878
2 days 02:01:54;-2.9722464081832074;-25.710698535623205;17.537357978214818;2.5089822923606704;26.858807041173737
2 days 02:01:55;-105.91374835632078;66.61698886310512;-75.99306431989973;41.43664477233374;-82.8057278257269
2 days 02:01:56;107.69737801074164;-134.83302635643187;171.79889883051192;-31.112269449079697;132.665086589019
2 days 02:01:57;149.22607245145554;-145.38429893222053;161.4308340839879;-0.8653758737943267;181.89617136069742
2 days 02:01:58;-62.053578889094545;92.41105165051542;-52.58327601593338;-62.789398733251666;-47.52950527537041
2 days 02:01:59;-29.258112958883977;19.954348974512705;22.355654383540287;-38.18367356031402;46.90462863254578
2 days 02:02:00;-20.247728400426823;58.067128957633855;-81.82316932355708;10.322813960009988;5.65709226616952
2 days 02:02:01;31.043989029584733;-71.20076929833658;68.21079163730947;-32.94978614812413;41.57420644931371
2 days 02:02:02;-32.64617775637302;44.490051933746486;-19.95142275750636;-55.928667813471364;-20.117613298843153
2 days 02:02:03;-22.579024833467717;51.836230499358315;-6.730127964744356;-97.85680553047071;-9.956071986266524
2 days 02:02:04;-9.934605807727717;-10.52947819944347;10.06555869637514;-37.07036165353647;26.15050561500326
2 days 02:02:05;-68.21877864153836;80.59594038108186;-18.72418274571221;-66.96270785746124;7.962530058464417
2 days 02:02:06;-82.22343389930643;75.68311710585259;-103.32532177875733;52.8932606657381;-27.10032821429356
2 days 02:02:07;-18.978691934080985;35.075786443768266;-23.112811966700953;-2.048107180177908;-9.078312558996325
2 days 02:02:08;-35.12991433345429;19.914842868160243;7.616092505578279;-0.5930130008148342;4.810685184419797
2 days 02:02:09;-97.434910119076;119.29458982273259;-102.28187230789742;50.25099848328638;-42.49342651789334
2 days 02:02:10;113.73604323685942;-72.91539087199085;47.13591538730276;-5.005923810828036;124.07062417818675
2 days 02:02:11;-5.37745792834235;80.0812538174274;-80.47344900839846;-36.68443252100375;-27.938408182684277
2 days 02:02:12;-18.120525546621582;71.13563189187433;-78.36521308388859;34.160168637557284;-15.34394532145931
2 days 02:02:13;0.5597097596551914;14.32386635940336;-39.9286934807324;32.421821785451186;15.307153861735257
2 days 02:02:14;-15.861272863844087;5.23954097762791;-0.9819822838877391;8.582075648447487;4.326846059686547
2 days 02:02:15;-9.992592735467154;-32.351325034079004;57.78213560431886;21.779148726988964;55.283152523576064
2 days 02:02:16;-21.4774997465577;83.114610276845;-63.44216984725058;-2.459376319745954;21.474541220296363
2 days 02:02:17;-8.883625062040407;55.345948934413244;-20.655145655568628;-61.79525867696921;14.958510413832574
2 days 02:02:18;-8.051595979731985;80.56531408512716;-78.38972863490812;19.044789090402055;-7.12102549116897
2 days 02:02:19;-0.12465343002289464;-5.406222062684234;-20.250325009551208;31.242661079828558;-3.6741957180032316
2 days 02:02:20;-45.9288499170131;-0.14299153297172437;-0.4865620366727511;-19.951052368647108;-54.68530422310186
2 days 02:02:21;61.35364489740091;-110.62424407800229;145.57850296582154;-66.42610935012321;60.59221811952356
2 days 02:02:22;96.47920634598717;-96.51734667101644;103.58770811947915;26.42532757046123;157.88204669184125
2 days 02:02:23;-31.890390732506987;66.70772951348117;-27.67681096882607;-40.38312228573504;24.14301358240001
2 days 02:02:24;-21.110061486672585;77.96042169040778;-19.27815024155552;-40.90056764155952;29.96947710766959
2 days 02:02:25;8.017572153773967;90.29231608083659;-86.63917875843308;30.438547984287386;32.01667210225689
2 days 02:02:26;1.855855253696387;26.295992959700158;14.094458647279234;2.3253420908716373;40.97066337615446
2 days 02:02:27;-46.08695915486142;92.99415075566934;-54.54401584270283;-13.366161382624966;-22.201952289966492
2 days 02:02:28;-9.042762257193209;100.68428631610512;-63.326897152309186;-26.757684141077892;21.214761678138572
2 days 02:02:29;40.29313899097844;26.916916122836227;-29.76304935751309;8.871461388711754;91.7687082733347
2 days 02:02:30;27.605366898085236;126.51551020040407;-85.46221056932609;-42.704084280772946;78.67751922368812
2 days 02:02:31;-26.01247850146621;67.90079380846716;-108.84584771159533;53.07709129478618;-8.604201066637202
2 days 02:02:32;-2.771452526416987;2.779125821896593;-7.808738221334899;13.911974562105724;18.52712164757936
2 days 02:02:33;-49.2670147576478;28.079453842423387;24.889125383962888;-22.48233551607399;12.822877341134195
2 days 02:02:34;-88.06160181704576;89.8095751605662;-47.675549091902006;-48.78086461174913;-51.811745941075586
2 days 02:02:35;86.42104064118264;-64.27735023090874;72.96819272148983;-25.585457329757276;129.5541782897385
2 days 02:02:36;20.60559354520618;3.5705275735399553;-23.82396895576686;-10.190392961809112;42.29224614522284
2 days 02:02:37;8.045360071600587;8.843880606498738;-3.0351579665050323;4.958937187415431;68.93670893888759
2 days 02:02:38;-36.735526086552404;40.197780752976165;-12.645552620957588;6.433163587042781;34.17844796616262
2 days 02:02:39;6.670829749418558;27.769028785525965;13.23772170314437;-17.668113266334466;63.16275749049051
2 days 02:02:40;9.275156929495349;-15.085896124482149;20.298397077955602;48.42322211327291;86.01939679791741
2 days 02:02:41;-25.07143553569055;93.53185277390715;-89.36853848106159;33.93718723542771;58.31257236181359
2 days 02:02:42;27.554510977149533;27.010080508007157;-63.232204782640885;2.2342707984806482;26.43472014491055
2 days 02:02:43;-23.507876858512613;45.608514485765525;-74.45095280399106;40.12201815109904;8.941874263924953
2 days 02:02:44;-89.65280923858018;75.276782458118;-35.238309397255016;3.7195459246512783;-8.030378786805029
2 days 02:02:45;-93.89761733937054;77.8472419000898;-59.6810523703935;21.0736139324426;-43.28875268918904
2 days 02:02:46;92.92430837649769;-118.85519231266632;123.3865886052564;-14.930833836304625;95.09460030227942
2 days 02:02:47;97.54948743435685;-110.52884540437769;94.47939275675695;33.579938960474536;140.9077538313882
2 days 02:02:48;-28.29930888826465;88.42469748028095;-52.788224608546074;-56.31696531002563;0.4193383208687951
2 days 02:02:49;53.142424490513314;4.603547397550589;1.3881059623394294;-23.831480401564214;46.77429904656652
2 days 02:02:50;29.514341616054505;15.685998684914077;-55.830723052559485;42.39384607874478;29.632556500150816
2 days 02:02:51;29.81455624085767;-36.07489100599073;39.99107187066741;0.39497373013287246;68.73239609525072
2 days 02:02:52;-15.361172409366318;70.792573287899;-35.537284801939215;-15.987219843952543;19.77891339240215
2 days 02:02:53;-5.7457018620883655;45.577517502326;-28.308081356308232;3.4298556320474054;16.677672603620245
2 days 02:02:54;38.35789996985415;-1.919740862739161;-14.958346692015922;43.279150684717266;94.70105138798978
2 days 02:02:55;49.538046829249716;57.20867746072061;-18.47027574468567;-64.48382195687466;76.12859273500808
2 days 02:02:56;-23.46887213748993;39.96954511761744;-65.52861891760212;27.040961774071754;-18.21941696446044
2 days 02:02:57;41.79426386805704;-15.771007527332122;-16.66611418860211;8.05583614204693;75.19617534014347
2 days 02:02:58;31.805589112135443;-31.980116488488378;25.977313430528906;-7.677195942749911;56.77173211750236
2 days 02:02:59;-33.14488741411896;67.27385656237176;-33.635583535116474;-29.585616980148533;41.74414732770762
2 days 02:03:00;120.6150700923139;-110.83479528053866;71.75598982766635;-21.06983303815017;99.98565821892934
2 days 02:03:01;-9.753406540884795;7.902185897283864;-44.03427320136736;-19.481527857196564;-21.952501406567354
2 days 02:03:02;-1.7638213852305338;-9.039666272724137;-15.303957699812244;-5.24905644329446;-7.193748344530189
2 days 02:03:03;30.420950976362587;-98.54288810923762;15.960381169248539;-0.7309960815229727;-37.73530520420773
2 days 02:03:04;54.705723047784716;-80.52230550278716;32.79486457338526;-54.40730031953698;-18.620429851535995
2 days 02:03:05;69.11515418500602;-85.74664976856869;40.90144231478955;10.213308588302915;48.14435995525557
2 days 02:03:06;58.73018434454086;-5.3810061660338;-49.39059406939882;26.009377561985858;29.861394285333848
2 days 02:03:07;44.87258135564956;-15.118863108964462;2.945706496262946;-34.48494775965121;19.234067530156626
2 days 02:03:08;15.10314520737719;59.53174572069294;-68.3238332481154;32.59025523779405;72.53589042936218
2 days 02:03:09;-12.242410761928204;30.9422948164231;-76.53109357671366;59.21720244911422;-48.585081395120454
2 days 02:03:10;-24.20230332281878;26.379994527510956;-49.28159812140906;17.636947620505286;-57.706177797963164
2 days 02:03:11;130.71138487756193;-140.63686930491093;119.48230096398349;-19.74306062493627;89.60685700933058
2 days 02:03:12;179.35349864401974;-156.4934258454192;82.18271951620939;58.70081202336314;139.946659257419
2 days 02:03:13;29.132345896860578;40.83699751366892;-68.48755504529274;-8.152696829317046;-6.523277543183763
2 days 02:03:14;-37.69818853343643;58.442172237955575;-77.33651063326946;-15.703865328812757;-49.85936523289359
2 days 02:03:15;10.527672696137442;2.2484062015613175;-80.20683292199473;37.16701451110959;-10.645927750395694
2 days 02:03:16;38.334982304240846;-53.14067685771574;16.34490027666552;5.651727585960168;26.96450095015214
2 days 02:03:17;-28.964749991467336;-0.7466561455442278;-20.322698194022713;2.426021935887212;-34.4609058919226
2 days 02:03:18;-34.48616999129754;23.649461633450475;-29.12490544771593;2.248549747659555;-82.40038266041739
2 days 02:03:19;53.34365791018351;-9.258835861597333;-17.870062935698083;18.065701824797124;95.20197214427608
2 days 02:03:20;-52.57784607950733;96.49603277115948;-41.947205771835016;-37.02952571753572;3.974146556495438
2 days 02:03:21;-59.87734762411929;8.30703657798356;-54.638902517207406;36.1147951770642;-46.86730681819289
2 days 02:03:22;-65.51760472752134;-34.884485805155066;4.543345778403596;19.189614972772283;-53.69129480113522
2 days 02:03:23;-71.76855025991979;-4.256200766738876;12.686659841251656;-25.031728017871295;-85.66101399250563
2 days 02:03:24;-108.38294079512059;62.44806063965932;-12.463567872393265;-39.111179630076954;-54.166286127035896
2 days 02:03:25;61.48725866890675;-113.35176969323584;99.50686092050182;-15.165675117120443;13.845678770571315
2 days 02:03:26;-75.6869562166329;60.349444300909525;-35.02856040755183;-12.316929545631154;-42.03070179147635
2 days 02:03:27;-69.74075300372078;59.726240314017815;-54.42645194344508;22.343241268960938;-51.68408909466974
2 days 02:03:28;0.7283859821464663;-18.4307908279668;-49.74026116154062;73.59024715096044;-39.82853737411781
2 days 02:03:29;39.689154212230186;-17.23637683748919;-10.77982702983732;37.811833695977796;-25.10460095880806
2 days 02:03:30;74.91031356904452;-98.81145184658956;42.237726842719766;77.69123145034203;36.853184859680646
2 days 02:03:31;46.00012861204827;-21.25068984279624;-35.60250702312445;51.39555235853013;31.959578924838777
2 days 02:03:32;-31.083693468160234;63.7473897917282;-29.4432260946801;-30.428964725606225;-33.576310816165254
2 days 02:03:33;-60.54434491954971;85.26194831692565;-78.14675910151917;59.24918587510271;13.050195072172519
2 days 02:03:34;-53.22920048082672;74.12595874398018;-103.1577887352191;53.456461713739316;-77.48783272339126
2 days 02:03:35;-20.471940013183506;0.0015258431371525938;-8.446798926837742;52.530137202963154;-30.922237792643458
2 days 02:03:36;76.78050830980884;-104.86885745607852;125.1764226739253;-7.366102081315359;62.47959828267855
2 days 02:03:37;105.89730396729014;-130.97721422122555;119.46455238581058;32.98619856970806;119.1356058573307
2 days 02:03:38;-34.35506618509558;51.469318753785;-12.585117027265692;-44.15855647265141;-14.827587295353355
2 days 02:03:39;-4.423804791007583;46.13683561905528;2.5588806670109183;-44.11867077377828;-11.53117817580148
2 days 02:03:40;53.336884658714766;9.268504681339516;-51.49751325132913;51.78989352678403;17.302871282842794
2 days 02:03:41;86.6691281090806;-56.409933128488206;33.67107131017618;8.418663219344133;-5.391988678873049
2 days 02:03:42;37.36540488508672;10.096266129677923;-0.18600130688946337;-12.140686684200768;-25.16997520030276
2 days 02:03:43;25.2226889765789;-3.8919017605417574;-1.4890735726519335;-30.598575210887095;-65.88216080464362
2 days 02:03:44;105.35294805992221;-53.14483159940139;50.329403893893186;-50.42998022361931;48.51675818396129
2 days 02:03:45;28.04598807790649;84.250856838892;3.293475817090844;-71.96205901451171;26.071314264570837
2 days 02:03:46;78.64451841473317;-9.173967274148271;-8.838993297013362;38.013166610215144;31.480946084440074
2 days 02:03:47;111.36344148918322;-40.98551330425311;26.99379851601742;-21.591019045459642;50.04252787572435
2 days 02:03:48;40.597308785508616;-17.970748935293365;37.267097818122075;-18.232804639075695;4.295272828625241
2 days 02:03:49;4.233909908499256;31.8832307038229;-12.32568593941663;-21.17046639233953;-29.704485382228956
2 days 02:03:50;141.68677634232105;-121.82588568092848;118.4540787783332;-41.21035993366006;80.83200853698287
2 days 02:03:51;-33.103802500793066;58.176120085032046;3.1521280679018546;-48.99747245523003;-12.056083715637559
2 days 02:03:52;-55.80266150219525;50.68052022561536;-29.204195845619203;13.0203192799832;-37.36117800222535
2 days 02:03:53;-10.103643947944537;-42.70025883601036;6.133992775097172;51.50391957044281;-31.333594782837448
2 days 02:03:54;-1.523690697073088;-48.345232027931786;54.478565350925514;-1.7333975395290684;-5.581807779997672
2 days 02:03:55;15.575352989262992;-88.79706177720524;84.53227570089827;33.064225801161925;21.227410556755622
2 days 02:03:56;36.664055605953976;-9.312645102282081;4.383877988627175;9.680759578711285;32.28443589284726
2 days 02:03:57;5.878362982499044;24.868754975056326;15.68475097347543;-69.38958771090567;1.057571435402055
2 days 02:03:58;-40.31347647319492;73.92833524578174;-60.88347287200993;27.338316096336275;-4.682087921600731
2 days 02:03:59;-47.242134409713906;72.90598430849616;-72.41523896366533;14.75197658684432;-60.73486903466805
2 days 02:04:00;-59.78314819645772;47.49514710994253;-29.103990039215414;1.2377296364124524;-76.0635437193101
2 days 02:04:01;86.29722571555857;-87.85488387878321;135.94510162905112;-50.20875423234129;56.3683052235985
2 days 02:04:02;82.03837440683617;-114.33841767107947;99.38920608457528;41.84625574723152;82.5602442093447
2 days 02:04:03;-56.89004713782659;107.37657748707989;-68.33800344623654;-30.94618356755066;-40.25652632855774
2 days 02:04:04;-83.35270833450689;116.92750397361871;-88.25149108338799;-38.45136696445168;-88.28761782413847
2 days 02:04:05;-83.06346780572963;36.72632175366137;-94.52305385685405;43.713130641340804;-122.58941796192727
2 days 02:04:06;-9.312053098430063;-15.002615991330515;-22.73098155593267;9.525288342266732;-50.23934662102344
2 days 02:04:07;-99.05914826118754;73.3989938869195;-88.36520089106386;-0.279032195479546;-125.06715529601864
2 days 02:04:08;-87.68236402288208;76.02153920490005;-92.213454379711;-7.382814796956421;-132.76203271651008
2 days 02:04:09;-2.084617142763959;10.260762988376007;-64.1989814125803;46.014529588425425;18.493981261442396
2 days 02:04:10;-115.11198031471008;100.76274814531581;-64.61189804586868;-13.419847568251626;-82.69164727261553
2 days 02:04:11;-35.83904627922783;29.369689925540605;-85.51868523915195;59.270643564663885;-72.9108753786336
2 days 02:04:12;-19.77561226992695;7.002613356978105;-66.01564985743751;39.203926356051134;-50.00623358445828
2 days 02:04:13;-12.860336364832557;9.066892551005054;-28.01107289153705;4.865082239350269;-35.80491943764599
2 days 02:04:14;-22.199898450415283;27.446807897892956;-49.322934721235114;-16.139711693587287;-46.57886217963765
2 days 02:04:15;159.55780916973083;-97.35535312600658;40.371137985263786;-12.220652093306905;104.26275542355535
2 days 02:04:16;45.997748112066795;42.61590003440056;-34.54376111316992;-40.13003264002196;54.814097686306795
2 days 02:04:17;33.465764185166904;32.07272643783829;-43.15227446888746;7.730411116769572;42.00466821525181
2 days 02:04:18;72.33329104554015;-50.12330409465409;-30.91100812482532;45.25472949116058;16.226132909073765
2 days 02:04:19;52.72063259006435;-68.82127325840128;3.643400079163458;33.70415747024481;10.531342156921282
2 days 02:04:20;43.53471947611106;-105.45115064289644;25.162593695316136;49.104525122416064;27.8113383641887
2 days 02:04:21;8.87495127003951;-26.798018552019602;-31.276459996236188;26.076019068203074;-8.793800325992695
2 days 02:04:22;-62.41903087897169;55.199758657432724;-71.14641959086781;-32.227879702313075;-56.36565588999366
2 days 02:04:23;-82.61350108283008;83.22735828579793;-104.9694300958922;14.535736954854986;-28.195099224315666
2 days 02:04:24;-45.131857470334936;36.529629939487734;-115.772401076576;43.77953642434115;-75.79629983399312
2 days 02:04:25;11.894426049870871;-8.843493765454612;-95.34887927354099;45.442154189844835;-50.045996201114605
2 days 02:04:26;114.73104061243322;-114.62249486102819;61.84231287113977;-4.244939504239683;55.18289407045175
2 days 02:04:27;133.3390414686012;-152.44263081963402;70.11593110684136;46.77852202189928;108.77976067167711
2 days 02:04:28;16.645674608709374;41.86783136565422;-86.37429786591042;-2.9275160692708577;14.679552927446757
2 days 02:04:29;-32.34110207461983;57.31968566839212;-89.89967981273283;7.644647951398804;-23.80515800712522
2 days 02:04:30;6.86863024979105;-14.475643112596275;-61.97457816714505;35.865795712884506;-8.95221950847196
2 days 02:04:31;68.23799606911467;-129.27600470309034;34.98003019237077;30.491259513867053;2.5104627825880095
2 days 02:04:32;7.24098821338259;-47.34504974037669;-20.758946154885297;22.546774405346714;-25.095293732396925
2 days 02:04:33;59.677963321943245;-60.51999498889031;-27.322509612840857;38.71763298285439;-3.675211037934183
2 days 02:04:34;123.25823559836176;-124.74679838085041;28.319973129860635;50.18258744146462;129.4657988567708
2 days 02:04:35;-0.9011459470411459;23.03536633072253;3.9163259044313126;-16.59233115911232;48.58011806807991
2 days 02:04:36;14.939657655041357;-44.05943535749201;20.581638299735534;62.906617135908455;51.436393437093024
2 days 02:04:37;42.3010057291901;-104.22586895740254;54.605990196275485;37.91480018738911;28.149749386664517
2 days 02:04:38;-12.97421823990572;-88.31521399253558;53.56947677648109;58.39589364271938;-45.19590340769365
2 days 02:04:39;-41.04221983951591;0.07499969584154723;-27.351250962728123;88.03867353942118;-17.356956778010122
2 days 02:04:40;117.4128772477112;-173.03000137387207;146.6432217828909;8.26623132856412;105.90091527582248
2 days 02:04:41;-51.86976548944145;34.64353802374171;-7.500313866640949;-17.055055709830174;24.708187374554925
2 days 02:04:42;-23.39670601571527;-8.852932084234196;45.61817093538287;16.673440538504515;30.014571526231148
2 days 02:04:43;13.988348474441016;-83.17195025117562;70.16609660706787;5.3316025260718645;6.269607539739278
2 days 02:04:44;29.160927914511152;-70.47331406776155;26.471312861767814;28.636157675765837;15.954474993700035
2 days 02:04:45;59.640657521806716;-158.33405930511393;102.03969550330848;54.72734812035571;12.558431071104277
2 days 02:04:46;31.54377412144368;-8.164653633279292;-16.793300670356892;10.337050140035615;-19.157362727731318
2 days 02:04:47;18.26861774143894;-58.854219029896015;74.30361738403613;-34.137073665114805;3.576042173460553
2 days 02:04:48;2.455638837755708;28.5136848653671;-39.689462426381745;60.002658639813724;8.261856525162564
2 days 02:04:49;60.68646621924432;-55.53925570520181;7.108369241409437;46.19706642845603;5.471487406558534
2 days 02:04:50;44.68345756767376;-53.91427431897099;-23.606038941685547;56.24672135256944;-24.41672414203677
2 days 02:04:51;141.9452744610579;-184.66730545119887;161.93823740489654;-6.512189775706514;80.46964699447274
2 days 02:04:52;180.27327910089798;-191.4824837763602;131.07234857295506;67.93509965666848;185.00745347011295
2 days 02:04:53;14.391254596515108;85.14477654965096;-104.44226561451227;26.784844705955226;51.8049414560582
2 days 02:04:54;-21.77711575024055;53.91547101168438;-38.60420850421584;-0.3273448655490051;13.687160270754728
2 days 02:04:55;15.791484561072032;28.58321197963934;-52.173411537974125;17.86601695777006;26.94556019110124
2 days 02:04:56;47.6262446060071;-61.302138793843106;23.86030982565006;38.713968475674584;57.50932150123421
2 days 02:04:57;-44.51411689639501;38.19130651270354;-91.80330905618196;50.016632425057495;-59.50616267598005
2 days 02:04:58;3.617545932423083;0.4442835464180811;-55.39782339124437;34.253459388057244;-42.60865092543524
2 days 02:04:59;14.305220025420534;-40.48815376050181;-21.618066538256315;61.682963630416374;7.021715759860208
2 days 02:05:00;-64.6891479469933;98.55944130486918;-74.12246667834442;12.255947831803748;-17.32781137276096
2 days 02:05:01;-36.95269516378386;21.59295953517545;-39.21344496530615;37.051247155452835;-44.74081919920762
2 days 02:05:02;-57.32083102687975;28.420069910144107;-56.12681149631477;33.518473109785745;-78.15033055441525
2 days 02:05:03;-65.72359138494737;5.328097683441162;-31.35763934616446;62.93133699495038;-43.27927552831935
2 days 02:05:04;-90.92426040712272;66.33793147922432;-105.45580601125863;99.09982877227816;-45.60044135919237
2 days 02:05:05;95.9185760054937;-110.04949920698483;71.37436895441178;24.198848497052875;93.29788072965982
2 days 02:05:06;-54.3361247833923;66.45115422719839;-44.881290128490264;1.5016617491554751;21.367312472286795
2 days 02:05:07;-4.185302794551459;5.096498968244455;-8.810756968484135;46.96131529367372;43.057002489352534
2 days 02:05:08;63.66125132380675;-60.94959660716631;7.608893461101508;62.52891009976968;49.46127218501295
2 days 02:05:09;72.33671236965878;-53.76649465945174;7.066689068773542;65.96109258403811;53.55630773836287
2 days 02:05:10;26.47751898259081;-91.56333604334088;76.34891082363099;64.20140547069033;37.838170091097986
2 days 02:05:11;46.29139146854443;10.53913239627228;-39.735052668630374;53.51742086593202;59.46581954135454
2 days 02:05:12;33.158113275190956;-20.42875321604947;34.8733259170908;-1.791007245970375;33.66107545571062
2 days 02:05:13;-27.646733951053413;93.23076103875756;-61.36570956066182;44.676602058763336;21.205602958729727
2 days 02:05:14;26.525498645713906;6.6694716459079695;5.861255511394186;9.168511911946014;-5.518722085985083
2 days 02:05:15;32.411046442731845;-23.571543628823495;24.461298946020086;29.75462137148566;-9.499232383340315
2 days 02:05:16;71.2365059708537;-89.76372861501146;144.04103992000492;-23.68843433372002;25.14896594988703
2 days 02:05:17;126.88525029707972;-127.11836823849276;115.99190266965188;45.17464332868783;62.9228661615891
2 days 02:05:18;4.734998047679281;57.082943627559324;-36.48271308654541;-14.726518987528111;-1.2765942370235317
2 days 02:05:19;12.00105307098319;35.22869962748559;-0.34936257113080127;-3.7212960533001067;12.499651871132611
2 days 02:05:20;30.407808142391275;33.065492655667754;-36.75767070809195;30.041889006193028;-32.08031877187913
2 days 02:05:21;44.50522048676159;-74.16174209512127;81.57188337397356;-7.307874018374731;9.769250344621936
2 days 02:05:22;-3.212037811707591;25.03367942674695;-11.972601291389187;11.175921895081876;-36.84997940765288
2 days 02:05:23;45.812695272815304;-10.81186261472182;6.721075026099796;-4.3501046064631925;24.21629035038557
2 days 02:05:24;92.312586490058;-71.417368312659;46.970555935674106;49.439859057328064;82.56250380587866
2 days 02:05:25;-2.984253630746794;-6.25114015444253;66.65392629853812;4.0544273163303775;47.15234008140106
2 days 02:05:26;25.966055052903116;-27.606678246335957;51.47924547089958;38.35244443744681;17.63794886666406
2 days 02:05:27;17.611826113187387;1.6757589857430493;16.39966516940686;37.96788952023703;-11.397406101674862
2 days 02:05:28;-22.068995077791644;-68.48696047845448;65.49305410153534;44.33275603722214;-30.603096142545475
2 days 02:05:29;-98.96370653415796;39.824533373212596;17.93855019336735;14.824059107208365;-65.67091670064191
2 days 02:05:30;81.74916026711266;-149.44808898341844;143.22947711831998;1.292361976778472;87.99071922601524
2 days 02:05:31;-36.508361877646664;20.46871070890962;18.187354898518095;-25.70892182054736;-13.611142167563074
2 days 02:05:32;-46.59343502494454;20.667386670366866;35.47306815231417;-20.974969292214716;-18.81999422343395
2 days 02:05:33;-9.312390745742897;-35.273159326751006;3.654430552261709;31.058194766594298;-42.84065693642983
2 days 02:05:34;-7.4321654625174665;-13.510493976085304;-10.817160364259628;18.54332112794472;-37.560489286178786
2 days 02:05:35;7.831120464725298;-68.97406110991312;62.627361441789;30.904232558602583;1.9881401249299824
2 days 02:05:36;-54.25979419312051;76.48255784716396;-72.76493205998342;21.097375739997393;-66.28080289941208
2 days 02:05:37;-84.96890267266755;64.45880944901894;-22.585875476417403;-61.256227931609374;-54.11509597048059
2 days 02:05:38;-149.69224530765334;144.88525240328875;-88.21106248057347;-41.32779776963976;-144.24535010707663
2 days 02:05:39;-77.32322507582386;77.80820204798817;-61.44682751593114;-27.567265894396577;-97.3989093483546
2 days 02:05:40;-47.65927529654858;30.309621257109622;-35.11813951850901;0.979672608946748;-54.12622804984575
2 days 02:05:41;82.05687701834168;-126.54159261853555;152.3904478262885;-68.46714751192549;53.34363608152226
2 days 02:05:42;126.16362555501452;-137.85719094942942;135.0286936955696;2.0351277644719246;135.59045638962482
2 days 02:05:43;-52.43529540900302;104.56594520970702;-66.39101769328342;-38.09729653837664;-25.36669878479503
2 days 02:05:44;-98.61278398399331;71.15595968084303;-15.028842288915268;-48.66561977664748;-55.209249901750184
2 days 02:05:45;-126.96897821186143;65.78057206794485;-45.697032299725564;0.028927718397214752;-112.64907893961042
2 days 02:05:46;-89.20848485971675;-3.7389622595733476;31.992394039604388;-5.341601787781925;-43.04671241457071
2 days 02:05:47;-108.1734246042972;81.00760511211038;-56.600940519121146;-20.540850362249397;-93.32989116169458
2 days 02:05:48;-87.19304712192749;52.687159011511746;-37.10226238906652;-32.56993828263458;-92.11858597162835
2 days 02:05:49;-53.82262294131273;71.08080324223161;-42.38348954256253;-40.94548803882124;-11.523586608593652
2 days 02:05:50;-100.3681517327293;176.60645948005174;-103.85736323542034;-67.87843578038907;-38.878055369141876
2 days 02:05:51;-106.81115752636958;122.9589837057308;-89.31608828797621;-25.33372066666831;-112.90479945091053
2 days 02:05:52;-77.21824099151412;107.29870170432143;-87.23729010771821;-25.49979363143374;-101.78006639305377
2 days 02:05:53;-45.58402923327383;69.91916083559424;-53.80812502734988;-10.456423740749718;-28.88054972736108
2 days 02:05:54;-130.1177552300907;148.12861917996966;-94.25232999411755;-54.55029458460653;-114.2388306635693
2 days 02:05:55;57.07879030008481;-78.20272169420197;58.20662005602665;-33.26276972252476;29.58135393248584
2 days 02:05:56;-75.95768087876625;96.97088176745548;-47.96091662470505;-63.904090689604416;-8.97485329228672
2 days 02:05:57;-16.115247491960833;45.84362780213146;0.08787621387531391;-40.24277954271183;17.470372752512038
2 days 02:05:58;35.59425789517151;-73.11454650686728;25.075655797645975;1.319467522156309;-23.001768699729418
2 days 02:05:59;6.371562420367239;-57.96379380526355;59.55185262999149;-23.854624382952156;-24.907023855990293
2 days 02:06:00;25.681588935669367;-104.05324832086279;111.93816222711685;-10.501933981630177;3.2160893675894227
2 days 02:06:01;-3.2204763568039265;-11.668212801297408;27.98863406192086;-53.18088671436814;-45.564540537239786
2 days 02:06:02;-61.42881957569096;-8.175268137029722;86.11517985536169;-115.58535065715223;-45.89983135549147
2 days 02:06:03;-86.37183755898263;66.6269732158149;9.730801775570535;-42.31633338509488;-6.576991443713459
2 days 02:06:04;-27.74073511861638;-41.65654385968467;47.785318263768346;1.4400911774354892;-2.556671758001325
2 days 02:06:05;-110.40325616164853;9.244424630036693;9.927659101352134;4.870142725675363;-93.36555956193631
2 days 02:06:06;-23.633532470142793;-56.417338048199255;114.11278099464653;-17.2771533933154;-1.6233781870160156
2 days 02:06:07;64.42628761016579;-99.31388507221187;110.53162535828243;25.089020495592703;81.89315927110448
2 days 02:06:08;-91.06031977271974;52.05028650948424;-5.036145803895172;-56.10274214972768;-79.50473173070209
2 days 02:06:09;-133.2643652619221;42.35182433358006;19.959774534693913;-45.17927579094961;-128.19948218716647
2 days 02:06:10;-71.66783210136626;14.162668302427194;-34.154835395788815;5.147062414847837;-131.3159242188374
2 days 02:06:11;32.249060330932565;-116.50192650475182;73.92310598642892;-19.71112129142481;-39.708453384744644
2 days 02:06:12;-24.666931256292578;13.77162704440592;-39.585093435844364;-27.558288026638227;-90.01417790207111
2 days 02:06:13;-35.70766087834678;13.518814806559595;-32.853708536231174;-21.476602646007674;-85.99574765791533
2 days 02:06:14;47.80987724679376;-77.93643160697854;22.810903482125312;-18.904253963260338;19.086124415201578
2 days 02:06:15;-55.9277080214377;23.760227643416336;18.96740361389905;-63.57430818725985;-25.87496278672892
2 days 02:06:16;-76.99090225130753;4.896284233546855;-15.007175693237707;4.341385284208702;-79.89606217380664
2 days 02:06:17;-82.3676992668566;12.467151079618624;-19.802513352110868;-11.35611045379156;-104.89611053866835
2 days 02:06:18;-40.647018576403795;-45.70720108277477;33.23283762647683;34.75433364251988;-42.07640186232976
2 days 02:06:19;-118.20931671868061;51.58776352277794;-26.554510847526387;14.246501299596831;-108.1926725935152
2 days 02:06:20;52.92650009271496;-141.32196385381505;121.94768365987225;-3.205567238907404;43.68839241711505
2 days 02:06:21;-85.48588625116204;9.519880247115948;28.379430142645017;-54.64347971422922;-23.820997546141893
2 days 02:06:22;-87.7496109523141;-41.21987244443119;56.1745516098356;-15.985432577506524;-70.71171930054103
2 days 02:06:23;9.17472121736273;-126.7462221700661;44.58083175604908;35.12359060806259;-37.016665123862026
2 days 02:06:24;-16.67446670996213;-58.46815889571297;57.848602147790515;-23.286426441469136;-7.938657038288471
2 days 02:06:25;69.21507201362233;-122.59555035849408;88.82831940333597;33.80476339528154;88.89338944567636
2 days 02:06:26;8.40664114131577;-12.042870703952506;11.581104225311494;-5.771803627037716;58.53759845758519
2 days 02:06:27;-67.40259219866338;20.4119814124519;39.95978149659199;-92.93251842372497;-42.3506402909133
2 days 02:06:28;-132.7182963901411;74.24812220024724;-33.6718578693173;-8.452984201469361;-32.7940360213599
2 days 02:06:29;-29.698371507565906;-83.30071785213015;57.801606145446335;18.455093680106827;-51.27035605177908
2 days 02:06:30;5.640125745836368;-56.98315890668056;18.77961872072249;2.638019064920248;-25.119990609811794
2 days 02:06:31;130.53567261418084;-168.84819940619252;170.5282448544605;-61.75622297069792;138.71007945855254
2 days 02:06:32;159.49168011697668;-170.29040631900165;127.92415595514353;20.223710779595887;167.72077107824893
2 days 02:06:33;-40.926204191805326;58.65367563201069;-30.385529243904738;-36.550324979474496;-4.795019919285395
2 days 02:06:34;-50.980781180901;21.656327549899636;33.22863623201302;-47.995568332525956;-16.219096154491616
2 days 02:06:35;-48.786142207599624;47.57959029331494;-54.13422057415654;42.24320493342783;-19.5190545494189
2 days 02:06:36;56.024337036952105;-72.73815094608408;45.929936803424546;17.001961810831045;15.771085421911469
2 days 02:06:37;-3.508165538858646;51.76946165547085;-64.7781711182113;0.8247725210126442;-30.66545566627055
2 days 02:06:38;26.48062537990676;9.848000727183047;-27.809029591715998;-22.33004028680343;-41.137256008280254
2 days 02:06:39;33.19144320646119;-18.268405342451963;4.825500204437388;-38.78740302882841;26.328567377521992
2 days 02:06:40;-38.70563543607125;104.05502279154246;-23.01826794384173;-78.2225317881504;7.894260631593832
2 days 02:06:41;31.49241172463735;24.282041767722145;-41.6017772635418;17.18958791990607;18.112432420674676
2 days 02:06:42;19.964511988588807;33.95375436362477;-49.74335273756765;7.917439913367306;-10.895478925695874
2 days 02:06:43;55.52548158158158;-6.715209079029353;22.566735037939917;2.3392506135222613;24.978883964921174
2 days 02:06:44;33.91734679153519;56.61070288281297;-38.93436008591761;-16.363262490376627;41.44978561024897
2 days 02:06:45;142.85283362781416;-50.73182123078409;47.78338811446112;-13.76677789068817;134.54623318470126
2 days 02:06:46;21.04599791142794;72.08410808623697;-48.331411829067704;-42.82493804767201;29.975111144040845
2 days 02:06:47;-36.48378594918029;85.84614822193035;-54.3703729322225;-5.899306287492538;-3.2653412910553166
2 days 02:06:48;56.71075064052916;-43.00224055438874;-16.87912947442082;43.22063759255732;6.825194613491008
2 days 02:06:49;45.77189697783554;-41.35331569466159;48.66125819624351;-25.015115074248033;-1.4091687990929955
2 days 02:06:50;62.093675694760535;-87.87892920718323;84.9246859392341;19.89489892368252;29.737714761578353
2 days 02:06:51;21.857384440596153;-6.4360334031454345;-15.237772123884268;-1.3231898391926744;-40.46420146478223
2 days 02:06:52;-0.48522824009409815;41.05172698906413;14.666644632948707;-82.87859339889417;-6.567713998887597
2 days 02:06:53;-55.30120568479314;99.22714797881586;-54.474336196612285;-1.6245718538403753;14.721459443767442
2 days 02:06:54;9.516405676807047;-19.6984075096422;-5.902390481764274;11.617651101536765;-5.736463991697542
2 days 02:06:55;19.68344250427264;-46.96590475052692;-1.4327494362276987;-32.40563979084434;-55.36605560999366
2 days 02:06:56;119.04726285398493;-133.75743126834277;128.18578400956682;-47.29129503907732;92.30056192498105
2 days 02:06:57;172.10135798341068;-131.9156411052777;99.31149475525282;31.74526957622674;157.7513438882213
2 days 02:06:58;1.6976371632734626;34.01665975555669;-7.095084161681405;-39.17453655515114;10.2314422239975
2 days 02:06:59;-14.841487038207108;29.4882926927912;18.543490086761405;-16.463089138616937;-1.1657802130047907
2 days 02:07:00;33.18157128426669;37.64223405723455;-48.843756978597575;61.05844788981181;42.62080316871364
2 days 02:07:01;80.73639383804971;-81.61287787046591;70.0626127074917;-9.735401407019618;42.0586317598979
2 days 02:07:02;-0.7325655937805501;22.673646680552405;-45.167850100997114;24.45552227400019;-20.54829876238805
2 days 02:07:03;-2.271211368263613;26.654998038893126;-54.92415231546366;17.892853647020186;-28.447887085404112
2 days 02:07:04;15.26919540858051;-11.347627804820133;-5.958403055063809;7.049928510157906;55.608629974102136
2 days 02:07:05;-75.32693019393459;92.8930147163537;-54.56314272426891;-18.221716950298543;-7.000298508207173
2 days 02:07:06;-36.47972212322413;29.60924965247521;-69.60385947106896;71.26007895689732;-28.851056919407604
2 days 02:07:07;31.25788107083378;-12.202536421844316;-65.55173448039075;50.92578795683922;-2.831064725632784
2 days 02:07:08;58.40287360784086;-43.638364427439384;-14.48710383512266;30.298900627930202;14.026114004870756
2 days 02:07:09;3.202066463863333;33.79366323640859;-49.997335859114365;23.708808295977903;21.007718950714487
2 days 02:07:10;120.4291417117596;-53.950552958223035;26.409740780860538;12.894538671561198;115.5711995906861
2 days 02:07:11;3.9873388536708356;84.44850038875944;-85.52120140424555;-2.095614656988879;33.74214810718108
2 days 02:07:12;-36.48857402399858;69.21536225193422;-49.83394988800576;7.225036432835248;-2.325461378817669
2 days 02:07:13;74.71322892524327;-42.341587479888915;-14.920148303891306;26.609310534402002;17.184600925941286
2 days 02:07:14;95.96733693823538;-48.02207901536221;9.744779035080718;-4.4587918351801825;51.689312590720505
2 days 02:07:15;88.67291883096928;-128.66715852311012;46.85333337559621;46.07925114461879;12.036581807991569
2 days 02:07:16;37.31926798517717;-10.28102835345616;-40.85112609125438;30.403881195983104;-49.71160467326385
2 days 02:07:17;7.582111380241298;31.60828340843222;-16.207759607286164;-55.76148527954017;-15.314304490683744
2 days 02:07:18;-27.12703082042569;64.00785142592399;-61.55300195646893;11.169551922797917;-37.17521128550587
2 days 02:07:19;27.390554430280734;-10.269323383918435;-16.116447295198757;39.654723823289544;-23.109812784858388
2 days 02:07:20;20.880101345302233;-25.878630786174295;-49.48546044837531;22.106975833016033;-93.94860769890657
2 days 02:07:21;121.63271166100456;-141.82906714742688;114.48249275304828;-12.254386735343434;29.65434301713192
2 days 02:07:22;225.79882685105315;-172.48557374496835;83.24924911260871;65.06435544591336;138.66103334874688
2 days 02:07:23;57.932093054355796;83.47835002904857;-88.34545222152171;-9.188990387434016;34.398664387714355
2 days 02:07:24;10.581816021870555;98.14063187735213;-55.53432485517654;-9.305082200526758;32.05624032585466
2 days 02:07:25;3.3499583686038075;82.54788056457203;-84.61050611515336;64.29447746800719;6.4750767286531765
2 days 02:07:26;53.40758329138009;-25.5327655256566;20.133936262913092;29.507248865547652;25.337646825809507
2 days 02:07:27;5.004915349235903;2.3305560804878778;-17.10895660585958;19.34871395555478;-67.75003458201513
2 days 02:07:28;19.220140981060577;6.2477459075685475;-21.400522126776774;-19.298568405631165;-34.70612135009935
2 days 02:07:29;17.571860605784387;26.05460092709795;-13.839499786258218;-12.559918837206963;-15.935129710106452
